Commodity_Desc,Commodity_Desc2,Attribute_Desc,Attribute_Desc2,Geography_Desc,Unit_Desc,Marketing_Year,Timeperiod_Desc,Amount
"Rye","Rye","Crops - Harvested","Harvested acreage","United States","1,000 acres","1866/67","MY Jun-May",1509
"Rye","Rye","Crops - Production","Production","United States","1,000 bushels","1866/67","MY Jun-May",17619
"Rye","Rye","Crops - Yield","Yield","United States","Bushels per acre","1866/67","MY Jun-May",11.7
"Rye","Rye","Crops - Harvested","Harvested acreage","United States","1,000 acres","1867/68","MY Jun-May",1649
"Rye","Rye","Crops - Production","Production","United States","1,000 bushels","1867/68","MY Jun-May",19595
"Rye","Rye","Crops - Yield","Yield","United States","Bushels per acre","1867/68","MY Jun-May",11.9
"Rye","Rye","Crops - Harvested","Harvested acreage","United States","1,000 acres","1868/69","MY Jun-May",1620
"Rye","Rye","Crops - Production","Production","United States","1,000 bushels","1868/69","MY Jun-May",17218
"Rye","Rye","Crops - Yield","Yield","United States","Bushels per acre","1868/69","MY Jun-May",10.6
"Rye","Rye","Crops - Harvested","Harvested acreage","United States","1,000 acres","1869/70","MY Jun-May",1631
"Rye","Rye","Crops - Production","Production","United States","1,000 bushels","1869/70","MY Jun-May",17906
"Rye","Rye","Crops - Yield","Yield","United States","Bushels per acre","1869/70","MY Jun-May",11
"Rye","Rye","Crops - Harvested","Harvested acreage","United States","1,000 acres","1870/71","MY Jun-May",1559
"Rye","Rye","Crops - Production","Production","United States","1,000 bushels","1870/71","MY Jun-May",15637
"Rye","Rye","Crops - Yield","Yield","United States","Bushels per acre","1870/71","MY Jun-May",10
"Rye","Rye","Crops - Harvested","Harvested acreage","United States","1,000 acres","1871/72","MY Jun-May",1588
"Rye","Rye","Crops - Production","Production","United States","1,000 bushels","1871/72","MY Jun-May",16975
"Rye","Rye","Crops - Yield","Yield","United States","Bushels per acre","1871/72","MY Jun-May",10.7
"Rye","Rye","Crops - Harvested","Harvested acreage","United States","1,000 acres","1872/73","MY Jun-May",1563
"Rye","Rye","Crops - Production","Production","United States","1,000 bushels","1872/73","MY Jun-May",16776
"Rye","Rye","Crops - Yield","Yield","United States","Bushels per acre","1872/73","MY Jun-May",10.7
"Rye","Rye","Crops - Harvested","Harvested acreage","United States","1,000 acres","1873/74","MY Jun-May",1553
"Rye","Rye","Crops - Production","Production","United States","1,000 bushels","1873/74","MY Jun-May",16141
"Rye","Rye","Crops - Yield","Yield","United States","Bushels per acre","1873/74","MY Jun-May",10.4
"Rye","Rye","Crops - Harvested","Harvested acreage","United States","1,000 acres","1874/75","MY Jun-May",1568
"Rye","Rye","Crops - Production","Production","United States","1,000 bushels","1874/75","MY Jun-May",17305
"Rye","Rye","Crops - Yield","Yield","United States","Bushels per acre","1874/75","MY Jun-May",11
"Rye","Rye","Crops - Harvested","Harvested acreage","United States","1,000 acres","1875/76","MY Jun-May",1647
"Rye","Rye","Crops - Production","Production","United States","1,000 bushels","1875/76","MY Jun-May",16927
"Rye","Rye","Crops - Yield","Yield","United States","Bushels per acre","1875/76","MY Jun-May",10.3
"Rye","Rye","Crops - Harvested","Harvested acreage","United States","1,000 acres","1876/77","MY Jun-May",1770
"Rye","Rye","Crops - Production","Production","United States","1,000 bushels","1876/77","MY Jun-May",19266
"Rye","Rye","Crops - Yield","Yield","United States","Bushels per acre","1876/77","MY Jun-May",10.9
"Rye","Rye","Crops - Harvested","Harvested acreage","United States","1,000 acres","1877/78","MY Jun-May",1844
"Rye","Rye","Crops - Production","Production","United States","1,000 bushels","1877/78","MY Jun-May",21860
"Rye","Rye","Crops - Yield","Yield","United States","Bushels per acre","1877/78","MY Jun-May",11.9
"Rye","Rye","Crops - Harvested","Harvested acreage","United States","1,000 acres","1878/79","MY Jun-May",1905
"Rye","Rye","Crops - Production","Production","United States","1,000 bushels","1878/79","MY Jun-May",21755
"Rye","Rye","Crops - Yield","Yield","United States","Bushels per acre","1878/79","MY Jun-May",11.4
"Rye","Rye","Crops - Harvested","Harvested acreage","United States","1,000 acres","1879/80","MY Jun-May",1825
"Rye","Rye","Crops - Production","Production","United States","1,000 bushels","1879/80","MY Jun-May",19789
"Rye","Rye","Crops - Yield","Yield","United States","Bushels per acre","1879/80","MY Jun-May",10.8
"Rye","Rye","Crops - Harvested","Harvested acreage","United States","1,000 acres","1880/81","MY Jun-May",1752
"Rye","Rye","Crops - Production","Production","United States","1,000 bushels","1880/81","MY Jun-May",19306
"Rye","Rye","Crops - Yield","Yield","United States","Bushels per acre","1880/81","MY Jun-May",11
"Rye","Rye","Crops - Harvested","Harvested acreage","United States","1,000 acres","1881/82","MY Jun-May",1749
"Rye","Rye","Crops - Production","Production","United States","1,000 bushels","1881/82","MY Jun-May",19181
"Rye","Rye","Crops - Yield","Yield","United States","Bushels per acre","1881/82","MY Jun-May",11
"Rye","Rye","Crops - Harvested","Harvested acreage","United States","1,000 acres","1882/83","MY Jun-May",2080
"Rye","Rye","Crops - Production","Production","United States","1,000 bushels","1882/83","MY Jun-May",26747
"Rye","Rye","Crops - Yield","Yield","United States","Bushels per acre","1882/83","MY Jun-May",12.9
"Rye","Rye","Crops - Harvested","Harvested acreage","United States","1,000 acres","1883/84","MY Jun-May",2123
"Rye","Rye","Crops - Production","Production","United States","1,000 bushels","1883/84","MY Jun-May",25407
"Rye","Rye","Crops - Yield","Yield","United States","Bushels per acre","1883/84","MY Jun-May",12
"Rye","Rye","Crops - Harvested","Harvested acreage","United States","1,000 acres","1884/85","MY Jun-May",2100
"Rye","Rye","Crops - Production","Production","United States","1,000 bushels","1884/85","MY Jun-May",26627
"Rye","Rye","Crops - Yield","Yield","United States","Bushels per acre","1884/85","MY Jun-May",12.7
"Rye","Rye","Crops - Harvested","Harvested acreage","United States","1,000 acres","1885/86","MY Jun-May",1897
"Rye","Rye","Crops - Production","Production","United States","1,000 bushels","1885/86","MY Jun-May",21714
"Rye","Rye","Crops - Yield","Yield","United States","Bushels per acre","1885/86","MY Jun-May",11.4
"Rye","Rye","Crops - Harvested","Harvested acreage","United States","1,000 acres","1886/87","MY Jun-May",1918
"Rye","Rye","Crops - Production","Production","United States","1,000 bushels","1886/87","MY Jun-May",23854
"Rye","Rye","Crops - Yield","Yield","United States","Bushels per acre","1886/87","MY Jun-May",12.4
"Rye","Rye","Crops - Harvested","Harvested acreage","United States","1,000 acres","1887/88","MY Jun-May",1985
"Rye","Rye","Crops - Production","Production","United States","1,000 bushels","1887/88","MY Jun-May",22530
"Rye","Rye","Crops - Yield","Yield","United States","Bushels per acre","1887/88","MY Jun-May",11.4
"Rye","Rye","Crops - Harvested","Harvested acreage","United States","1,000 acres","1888/89","MY Jun-May",2181
"Rye","Rye","Crops - Production","Production","United States","1,000 bushels","1888/89","MY Jun-May",28440
"Rye","Rye","Crops - Yield","Yield","United States","Bushels per acre","1888/89","MY Jun-May",13
"Rye","Rye","Crops - Harvested","Harvested acreage","United States","1,000 acres","1889/90","MY Jun-May",2248
"Rye","Rye","Crops - Production","Production","United States","1,000 bushels","1889/90","MY Jun-May",29524
"Rye","Rye","Crops - Yield","Yield","United States","Bushels per acre","1889/90","MY Jun-May",13.1
"Rye","Rye","Crops - Harvested","Harvested acreage","United States","1,000 acres","1890/91","MY Jun-May",2116
"Rye","Rye","Crops - Production","Production","United States","1,000 bushels","1890/91","MY Jun-May",26378
"Rye","Rye","Crops - Yield","Yield","United States","Bushels per acre","1890/91","MY Jun-May",12.5
"Rye","Rye","Crops - Harvested","Harvested acreage","United States","1,000 acres","1891/92","MY Jun-May",2180
"Rye","Rye","Crops - Production","Production","United States","1,000 bushels","1891/92","MY Jun-May",29569
"Rye","Rye","Crops - Yield","Yield","United States","Bushels per acre","1891/92","MY Jun-May",13.6
"Rye","Rye","Crops - Harvested","Harvested acreage","United States","1,000 acres","1892/93","MY Jun-May",2239
"Rye","Rye","Crops - Production","Production","United States","1,000 bushels","1892/93","MY Jun-May",28718
"Rye","Rye","Crops - Yield","Yield","United States","Bushels per acre","1892/93","MY Jun-May",12.8
"Rye","Rye","Crops - Harvested","Harvested acreage","United States","1,000 acres","1893/94","MY Jun-May",2162
"Rye","Rye","Crops - Production","Production","United States","1,000 bushels","1893/94","MY Jun-May",26700
"Rye","Rye","Crops - Yield","Yield","United States","Bushels per acre","1893/94","MY Jun-May",12.3
"Rye","Rye","Crops - Harvested","Harvested acreage","United States","1,000 acres","1894/95","MY Jun-May",2166
"Rye","Rye","Crops - Production","Production","United States","1,000 bushels","1894/95","MY Jun-May",26758
"Rye","Rye","Crops - Yield","Yield","United States","Bushels per acre","1894/95","MY Jun-May",12.4
"Rye","Rye","Crops - Harvested","Harvested acreage","United States","1,000 acres","1895/96","MY Jun-May",2400
"Rye","Rye","Crops - Production","Production","United States","1,000 bushels","1895/96","MY Jun-May",29614
"Rye","Rye","Crops - Yield","Yield","United States","Bushels per acre","1895/96","MY Jun-May",12.3
"Rye","Rye","Crops - Harvested","Harvested acreage","United States","1,000 acres","1896/97","MY Jun-May",2599
"Rye","Rye","Crops - Production","Production","United States","1,000 bushels","1896/97","MY Jun-May",31852
"Rye","Rye","Crops - Yield","Yield","United States","Bushels per acre","1896/97","MY Jun-May",12.3
"Rye","Rye","Crops - Harvested","Harvested acreage","United States","1,000 acres","1897/98","MY Jun-May",2323
"Rye","Rye","Crops - Production","Production","United States","1,000 bushels","1897/98","MY Jun-May",31129
"Rye","Rye","Crops - Yield","Yield","United States","Bushels per acre","1897/98","MY Jun-May",13.4
"Rye","Rye","Crops - Harvested","Harvested acreage","United States","1,000 acres","1898/99","MY Jun-May",2204
"Rye","Rye","Crops - Production","Production","United States","1,000 bushels","1898/99","MY Jun-May",29044
"Rye","Rye","Crops - Yield","Yield","United States","Bushels per acre","1898/99","MY Jun-May",13.2
"Rye","Rye","Crops - Harvested","Harvested acreage","United States","1,000 acres","1899/00","MY Jun-May",2059
"Rye","Rye","Crops - Production","Production","United States","1,000 bushels","1899/00","MY Jun-May",26001
"Rye","Rye","Crops - Yield","Yield","United States","Bushels per acre","1899/00","MY Jun-May",12.6
"Rye","Rye","Crops - Harvested","Harvested acreage","United States","1,000 acres","1900/01","MY Jun-May",2127
"Rye","Rye","Crops - Production","Production","United States","1,000 bushels","1900/01","MY Jun-May",27413
"Rye","Rye","Crops - Yield","Yield","United States","Bushels per acre","1900/01","MY Jun-May",12.9
"Rye","Rye","Crops - Harvested","Harvested acreage","United States","1,000 acres","1901/02","MY Jun-May",2409
"Rye","Rye","Crops - Production","Production","United States","1,000 bushels","1901/02","MY Jun-May",30773
"Rye","Rye","Crops - Yield","Yield","United States","Bushels per acre","1901/02","MY Jun-May",12.8
"Rye","Rye","Crops - Harvested","Harvested acreage","United States","1,000 acres","1902/03","MY Jun-May",2444
"Rye","Rye","Crops - Production","Production","United States","1,000 bushels","1902/03","MY Jun-May",33862
"Rye","Rye","Crops - Yield","Yield","United States","Bushels per acre","1902/03","MY Jun-May",13.9
"Rye","Rye","Crops - Harvested","Harvested acreage","United States","1,000 acres","1903/04","MY Jun-May",2260
"Rye","Rye","Crops - Production","Production","United States","1,000 bushels","1903/04","MY Jun-May",28932
"Rye","Rye","Crops - Yield","Yield","United States","Bushels per acre","1903/04","MY Jun-May",12.8
"Rye","Rye","Crops - Harvested","Harvested acreage","United States","1,000 acres","1904/05","MY Jun-May",2205
"Rye","Rye","Crops - Production","Production","United States","1,000 bushels","1904/05","MY Jun-May",28461
"Rye","Rye","Crops - Yield","Yield","United States","Bushels per acre","1904/05","MY Jun-May",12.9
"Rye","Rye","Crops - Harvested","Harvested acreage","United States","1,000 acres","1905/06","MY Jun-May",2297
"Rye","Rye","Crops - Production","Production","United States","1,000 bushels","1905/06","MY Jun-May",31173
"Rye","Rye","Crops - Yield","Yield","United States","Bushels per acre","1905/06","MY Jun-May",13.6
"Rye","Rye","Crops - Harvested","Harvested acreage","United States","1,000 acres","1906/07","MY Jun-May",2154
"Rye","Rye","Crops - Production","Production","United States","1,000 bushels","1906/07","MY Jun-May",29609
"Rye","Rye","Crops - Yield","Yield","United States","Bushels per acre","1906/07","MY Jun-May",13.7
"Rye","Rye","Crops - Harvested","Harvested acreage","United States","1,000 acres","1907/08","MY Jun-May",2073
"Rye","Rye","Crops - Production","Production","United States","1,000 bushels","1907/08","MY Jun-May",28247
"Rye","Rye","Crops - Yield","Yield","United States","Bushels per acre","1907/08","MY Jun-May",13.6
"Rye","Rye","Crops - Harvested","Harvested acreage","United States","1,000 acres","1908/09","MY Jun-May",2130
"Rye","Rye","Crops - Production","Production","United States","1,000 bushels","1908/09","MY Jun-May",28650
"Rye","Rye","Crops - Yield","Yield","United States","Bushels per acre","1908/09","MY Jun-May",13.5
"Rye","Rye","Crops - Harvested","Harvested acreage","United States","1,000 acres","1909/10","MY Jun-May",2212
"Rye","Rye","Crops - Market Year Average / Price per Unit ","Weighted-average farm price","United States","Dollars per bushel","1909/10","MY Jun-May",0.718
"Rye","Rye","Crops - Production","Production","United States","1,000 bushels","1909/10","MY Jun-May",30083
"Rye","Rye","Crops - Yield","Yield","United States","Bushels per acre","1909/10","MY Jun-May",13.6
"Rye","Rye","Crops - Harvested","Harvested acreage","United States","1,000 acres","1910/11","MY Jun-May",2262
"Rye","Rye","Crops - Market Year Average / Price per Unit ","Weighted-average farm price","United States","Dollars per bushel","1910/11","MY Jun-May",0.725
"Rye","Rye","Crops - Production","Production","United States","1,000 bushels","1910/11","MY Jun-May",29098
"Rye","Rye","Crops - Yield","Yield","United States","Bushels per acre","1910/11","MY Jun-May",12.9
"Rye","Rye","Crops - Harvested","Harvested acreage","United States","1,000 acres","1911/12","MY Jun-May",2452
"Rye","Rye","Crops - Market Year Average / Price per Unit ","Weighted-average farm price","United States","Dollars per bushel","1911/12","MY Jun-May",0.806
"Rye","Rye","Crops - Production","Production","United States","1,000 bushels","1911/12","MY Jun-May",31396
"Rye","Rye","Crops - Yield","Yield","United States","Bushels per acre","1911/12","MY Jun-May",12.8
"Rye","Rye","Crops - Harvested","Harvested acreage","United States","1,000 acres","1912/13","MY Jun-May",2724
"Rye","Rye","Crops - Market Year Average / Price per Unit ","Weighted-average farm price","United States","Dollars per bushel","1912/13","MY Jun-May",0.633
"Rye","Rye","Crops - Production","Production","United States","1,000 bushels","1912/13","MY Jun-May",37911
"Rye","Rye","Crops - Yield","Yield","United States","Bushels per acre","1912/13","MY Jun-May",13.9
"Rye","Rye","Crops - Harvested","Harvested acreage","United States","1,000 acres","1913/14","MY Jun-May",3089
"Rye","Rye","Crops - Market Year Average / Price per Unit ","Weighted-average farm price","United States","Dollars per bushel","1913/14","MY Jun-May",0.594
"Rye","Rye","Crops - Production","Production","United States","1,000 bushels","1913/14","MY Jun-May",40390
"Rye","Rye","Crops - Yield","Yield","United States","Bushels per acre","1913/14","MY Jun-May",13.1
"Rye","Rye","Crops - Harvested","Harvested acreage","United States","1,000 acres","1914/15","MY Jun-May",3144
"Rye","Rye","Crops - Market Year Average / Price per Unit ","Weighted-average farm price","United States","Dollars per bushel","1914/15","MY Jun-May",0.812
"Rye","Rye","Crops - Production","Production","United States","1,000 bushels","1914/15","MY Jun-May",42120
"Rye","Rye","Crops - Yield","Yield","United States","Bushels per acre","1914/15","MY Jun-May",13.4
"Rye","Rye","Crops - Harvested","Harvested acreage","United States","1,000 acres","1915/16","MY Jun-May",3417
"Rye","Rye","Crops - Market Year Average / Price per Unit ","Weighted-average farm price","United States","Dollars per bushel","1915/16","MY Jun-May",0.836
"Rye","Rye","Crops - Production","Production","United States","1,000 bushels","1915/16","MY Jun-May",46752
"Rye","Rye","Crops - Yield","Yield","United States","Bushels per acre","1915/16","MY Jun-May",13.7
"Rye","Rye","Crops - Harvested","Harvested acreage","United States","1,000 acres","1916/17","MY Jun-May",3528
"Rye","Rye","Crops - Market Year Average / Price per Unit ","Weighted-average farm price","United States","Dollars per bushel","1916/17","MY Jun-May",1.12
"Rye","Rye","Crops - Production","Production","United States","1,000 bushels","1916/17","MY Jun-May",43089
"Rye","Rye","Crops - Yield","Yield","United States","Bushels per acre","1916/17","MY Jun-May",12.2
"Rye","Rye","Crops - Harvested","Harvested acreage","United States","1,000 acres","1917/18","MY Jun-May",5064
"Rye","Rye","Crops - Market Year Average / Price per Unit ","Weighted-average farm price","United States","Dollars per bushel","1917/18","MY Jun-May",1.73
"Rye","Rye","Crops - Production","Production","United States","1,000 bushels","1917/18","MY Jun-May",60381
"Rye","Rye","Crops - Yield","Yield","United States","Bushels per acre","1917/18","MY Jun-May",11.9
"Rye","Rye","Crops - Harvested","Harvested acreage","United States","1,000 acres","1918/19","MY Jun-May",6709
"Rye","Rye","Crops - Market Year Average / Price per Unit ","Weighted-average farm price","United States","Dollars per bushel","1918/19","MY Jun-May",1.49
"Rye","Rye","Crops - Production","Production","United States","1,000 bushels","1918/19","MY Jun-May",83586
"Rye","Rye","Crops - Yield","Yield","United States","Bushels per acre","1918/19","MY Jun-May",12.5
"Rye","Rye","Crops - Harvested","Harvested acreage","United States","1,000 acres","1919/20","MY Jun-May",7187
"Rye","Rye","Crops - Market Year Average / Price per Unit ","Weighted-average farm price","United States","Dollars per bushel","1919/20","MY Jun-May",1.45
"Rye","Rye","Crops - Production","Production","United States","1,000 bushels","1919/20","MY Jun-May",78849
"Rye","Rye","Crops - Yield","Yield","United States","Bushels per acre","1919/20","MY Jun-May",11
"Rye","Rye","Crops - Harvested","Harvested acreage","United States","1,000 acres","1920/21","MY Jun-May",4843
"Rye","Rye","Crops - Market Year Average / Price per Unit ","Weighted-average farm price","United States","Dollars per bushel","1920/21","MY Jun-May",1.46
"Rye","Rye","Crops - Production","Production","United States","1,000 bushels","1920/21","MY Jun-May",62113
"Rye","Rye","Crops - Yield","Yield","United States","Bushels per acre","1920/21","MY Jun-May",12.8
"Rye","Rye","Crops - Harvested","Harvested acreage","United States","1,000 acres","1921/22","MY Jun-May",4865
"Rye","Rye","Crops - Market Year Average / Price per Unit ","Weighted-average farm price","United States","Dollars per bushel","1921/22","MY Jun-May",0.834
"Rye","Rye","Crops - Production","Production","United States","1,000 bushels","1921/22","MY Jun-May",61205
"Rye","Rye","Crops - Yield","Yield","United States","Bushels per acre","1921/22","MY Jun-May",12.6
"Rye","Rye","Crops - Harvested","Harvested acreage","United States","1,000 acres","1922/23","MY Jun-May",6770
"Rye","Rye","Crops - Market Year Average / Price per Unit ","Weighted-average farm price","United States","Dollars per bushel","1922/23","MY Jun-May",0.627
"Rye","Rye","Crops - Production","Production","United States","1,000 bushels","1922/23","MY Jun-May",101142
"Rye","Rye","Crops - Yield","Yield","United States","Bushels per acre","1922/23","MY Jun-May",14.9
"Rye","Rye","Crops - Harvested","Harvested acreage","United States","1,000 acres","1923/24","MY Jun-May",4946
"Rye","Rye","Crops - Market Year Average / Price per Unit ","Weighted-average farm price","United States","Dollars per bushel","1923/24","MY Jun-May",0.58
"Rye","Rye","Crops - Production","Production","United States","1,000 bushels","1923/24","MY Jun-May",56091
"Rye","Rye","Crops - Yield","Yield","United States","Bushels per acre","1923/24","MY Jun-May",11.3
"Rye","Rye","Crops - Harvested","Harvested acreage","United States","1,000 acres","1924/25","MY Jun-May",3943
"Rye","Rye","Crops - Market Year Average / Price per Unit ","Weighted-average farm price","United States","Dollars per bushel","1924/25","MY Jun-May",0.945
"Rye","Rye","Crops - Production","Production","United States","1,000 bushels","1924/25","MY Jun-May",58470
"Rye","Rye","Crops - Yield","Yield","United States","Bushels per acre","1924/25","MY Jun-May",14.8
"Rye","Rye","Crops - Harvested","Harvested acreage","United States","1,000 acres","1925/26","MY Jun-May",3807
"Rye","Rye","Crops - Market Year Average / Price per Unit ","Weighted-average farm price","United States","Dollars per bushel","1925/26","MY Jun-May",0.775
"Rye","Rye","Crops - Production","Production","United States","1,000 bushels","1925/26","MY Jun-May",42418
"Rye","Rye","Crops - Yield","Yield","United States","Bushels per acre","1925/26","MY Jun-May",11.1
"Rye","Rye","Crops - Harvested","Harvested acreage","United States","1,000 acres","1926/27","MY Jun-May",3427
"Rye","Rye","Crops - Market Year Average / Price per Unit ","Weighted-average farm price","United States","Dollars per bushel","1926/27","MY Jun-May",0.825
"Rye","Rye","Crops - Production","Production","United States","1,000 bushels","1926/27","MY Jun-May",34968
"Rye","Rye","Crops - Yield","Yield","United States","Bushels per acre","1926/27","MY Jun-May",10.2
"Rye","Rye","Crops - Harvested","Harvested acreage","United States","1,000 acres","1927/28","MY Jun-May",3466
"Rye","Rye","Crops - Market Year Average / Price per Unit ","Weighted-average farm price","United States","Dollars per bushel","1927/28","MY Jun-May",0.824
"Rye","Rye","Crops - Production","Production","United States","1,000 bushels","1927/28","MY Jun-May",51196
"Rye","Rye","Crops - Yield","Yield","United States","Bushels per acre","1927/28","MY Jun-May",14.8
"Rye","Rye","Crops - Harvested","Harvested acreage","United States","1,000 acres","1928/29","MY Jun-May",3320
"Rye","Rye","Crops - Market Year Average / Price per Unit ","Weighted-average farm price","United States","Dollars per bushel","1928/29","MY Jun-May",0.816
"Rye","Rye","Crops - Production","Production","United States","1,000 bushels","1928/29","MY Jun-May",38055
"Rye","Rye","Crops - Yield","Yield","United States","Bushels per acre","1928/29","MY Jun-May",11.5
"Rye","Rye","Crops - Harvested","Harvested acreage","United States","1,000 acres","1929/30","MY Jun-May",3138
"Rye","Rye","Crops - Market Year Average / Price per Unit ","Weighted-average farm price","United States","Dollars per bushel","1929/30","MY Jun-May",0.844
"Rye","Rye","Crops - Production","Production","United States","1,000 bushels","1929/30","MY Jun-May",35411
"Rye","Rye","Crops - Yield","Yield","United States","Bushels per acre","1929/30","MY Jun-May",11.3
"Rye","Rye","Crops - Harvested","Harvested acreage","United States","1,000 acres","1930/31","MY Jun-May",3646
"Rye","Rye","Crops - Market Year Average / Price per Unit ","Weighted-average farm price","United States","Dollars per bushel","1930/31","MY Jun-May",0.433
"Rye","Rye","Crops - Production","Production","United States","1,000 bushels","1930/31","MY Jun-May",45383
"Rye","Rye","Crops - Yield","Yield","United States","Bushels per acre","1930/31","MY Jun-May",12.4
"Rye","Rye","Crops - Harvested","Harvested acreage","United States","1,000 acres","1931/32","MY Jun-May",3159
"Rye","Rye","Crops - Market Year Average / Price per Unit ","Weighted-average farm price","United States","Dollars per bushel","1931/32","MY Jun-May",0.339
"Rye","Rye","Crops - Planted All Purposes","Planted acreage","United States","1,000 acres","1931/32","MY Jun-May",5345
"Rye","Rye","Crops - Production","Production","United States","1,000 bushels","1931/32","MY Jun-May",32777
"Rye","Rye","Crops - Yield","Yield","United States","Bushels per acre","1931/32","MY Jun-May",10.4
"Rye","Rye","Crops - Harvested","Harvested acreage","United States","1,000 acres","1932/33","MY Jun-May",3350
"Rye","Rye","Crops - Market Year Average / Price per Unit ","Weighted-average farm price","United States","Dollars per bushel","1932/33","MY Jun-May",0.269
"Rye","Rye","Crops - Planted All Purposes","Planted acreage","United States","1,000 acres","1932/33","MY Jun-May",5401
"Rye","Rye","Crops - Production","Production","United States","1,000 bushels","1932/33","MY Jun-May",39099
"Rye","Rye","Crops - Yield","Yield","United States","Bushels per acre","1932/33","MY Jun-May",11.7
"Rye","Rye","Crops - Harvested","Harvested acreage","United States","1,000 acres","1933/34","MY Jun-May",2405
"Rye","Rye","Crops - Market Year Average / Price per Unit ","Weighted-average farm price","United States","Dollars per bushel","1933/34","MY Jun-May",0.623
"Rye","Rye","Crops - Planted All Purposes","Planted acreage","United States","1,000 acres","1933/34","MY Jun-May",4714
"Rye","Rye","Crops - Production","Production","United States","1,000 bushels","1933/34","MY Jun-May",20573
"Rye","Rye","Crops - Yield","Yield","United States","Bushels per acre","1933/34","MY Jun-May",8.6
"Rye","Rye","Crops - Harvested","Harvested acreage","United States","1,000 acres","1934/35","MY Jun-May",1921
"Rye","Rye","Crops - Market Year Average / Price per Unit ","Weighted-average farm price","United States","Dollars per bushel","1934/35","MY Jun-May",0.72
"Rye","Rye","Crops - Planted All Purposes","Planted acreage","United States","1,000 acres","1934/35","MY Jun-May",5453
"Rye","Rye","Crops - Production","Production","United States","1,000 bushels","1934/35","MY Jun-May",16285
"Rye","Rye","Crops - Yield","Yield","United States","Bushels per acre","1934/35","MY Jun-May",8.5
"Rye","Rye","Crops - Harvested","Harvested acreage","United States","1,000 acres","1935/36","MY Jun-May",4066
"Rye","Rye","Crops - Market Year Average / Price per Unit ","Weighted-average farm price","United States","Dollars per bushel","1935/36","MY Jun-May",0.383
"Rye","Rye","Crops - Planted All Purposes","Planted acreage","United States","1,000 acres","1935/36","MY Jun-May",6210
"Rye","Rye","Crops - Production","Production","United States","1,000 bushels","1935/36","MY Jun-May",56938
"Rye","Rye","Crops - Yield","Yield","United States","Bushels per acre","1935/36","MY Jun-May",14
"Rye","Rye","Crops - Harvested","Harvested acreage","United States","1,000 acres","1936/37","MY Jun-May",2694
"Rye","Rye","Crops - Market Year Average / Price per Unit ","Weighted-average farm price","United States","Dollars per bushel","1936/37","MY Jun-May",0.808
"Rye","Rye","Crops - Planted All Purposes","Planted acreage","United States","1,000 acres","1936/37","MY Jun-May",6446
"Rye","Rye","Crops - Production","Production","United States","1,000 bushels","1936/37","MY Jun-May",24239
"Rye","Rye","Crops - Yield","Yield","United States","Bushels per acre","1936/37","MY Jun-May",9
"Rye","Rye","Crops - Harvested","Harvested acreage","United States","1,000 acres","1937/38","MY Jun-May",3825
"Rye","Rye","Crops - Market Year Average / Price per Unit ","Weighted-average farm price","United States","Dollars per bushel","1937/38","MY Jun-May",0.672
"Rye","Rye","Crops - Planted All Purposes","Planted acreage","United States","1,000 acres","1937/38","MY Jun-May",7235
"Rye","Rye","Crops - Production","Production","United States","1,000 bushels","1937/38","MY Jun-May",48862
"Rye","Rye","Crops - Yield","Yield","United States","Bushels per acre","1937/38","MY Jun-May",12.8
"Rye","Rye","Crops - Harvested","Harvested acreage","United States","1,000 acres","1938/39","MY Jun-May",4087
"Rye","Rye","Crops - Market Year Average / Price per Unit ","Weighted-average farm price","United States","Dollars per bushel","1938/39","MY Jun-May",0.322
"Rye","Rye","Crops - Planted All Purposes","Planted acreage","United States","1,000 acres","1938/39","MY Jun-May",6654
"Rye","Rye","Crops - Production","Production","United States","1,000 bushels","1938/39","MY Jun-May",55984
"Rye","Rye","Crops - Yield","Yield","United States","Bushels per acre","1938/39","MY Jun-May",13.7
"Rye","Rye","Crops - Harvested","Harvested acreage","United States","1,000 acres","1939/40","MY Jun-May",3822
"Rye","Rye","Crops - Market Year Average / Price per Unit ","Weighted-average farm price","United States","Dollars per bushel","1939/40","MY Jun-May",0.426
"Rye","Rye","Crops - Planted All Purposes","Planted acreage","United States","1,000 acres","1939/40","MY Jun-May",7206
"Rye","Rye","Crops - Production","Production","United States","1,000 bushels","1939/40","MY Jun-May",38562
"Rye","Rye","Crops - Yield","Yield","United States","Bushels per acre","1939/40","MY Jun-May",10.1
"Rye","Rye","Crops - Harvested","Harvested acreage","United States","1,000 acres","1940/41","MY Jun-May",3204
"Rye","Rye","Crops - Market Year Average / Price per Unit ","Weighted-average farm price","United States","Dollars per bushel","1940/41","MY Jun-May",0.399
"Rye","Rye","Crops - Planted All Purposes","Planted acreage","United States","1,000 acres","1940/41","MY Jun-May",5514
"Rye","Rye","Crops - Production","Production","United States","1,000 bushels","1940/41","MY Jun-May",39725
"Rye","Rye","Crops - Yield","Yield","United States","Bushels per acre","1940/41","MY Jun-May",12.4
"Rye","Rye","Crops - Harvested","Harvested acreage","United States","1,000 acres","1941/42","MY Jun-May",3573
"Rye","Rye","Crops - Market Year Average / Price per Unit ","Weighted-average farm price","United States","Dollars per bushel","1941/42","MY Jun-May",0.52
"Rye","Rye","Crops - Planted All Purposes","Planted acreage","United States","1,000 acres","1941/42","MY Jun-May",6143
"Rye","Rye","Crops - Production","Production","United States","1,000 bushels","1941/42","MY Jun-May",43878
"Rye","Rye","Crops - Yield","Yield","United States","Bushels per acre","1941/42","MY Jun-May",12.3
"Rye","Rye","Crops - Harvested","Harvested acreage","United States","1,000 acres","1942/43","MY Jun-May",3792
"Rye","Rye","Crops - Market Year Average / Price per Unit ","Weighted-average farm price","United States","Dollars per bushel","1942/43","MY Jun-May",0.583
"Rye","Rye","Crops - Planted All Purposes","Planted acreage","United States","1,000 acres","1942/43","MY Jun-May",6371
"Rye","Rye","Crops - Production","Production","United States","1,000 bushels","1942/43","MY Jun-May",52929
"Rye","Rye","Crops - Yield","Yield","United States","Bushels per acre","1942/43","MY Jun-May",14
"Rye","Rye","Crops - Harvested","Harvested acreage","United States","1,000 acres","1943/44","MY Jun-May",2652
"Rye","Rye","Crops - Market Year Average / Price per Unit ","Weighted-average farm price","United States","Dollars per bushel","1943/44","MY Jun-May",0.977
"Rye","Rye","Crops - Planted All Purposes","Planted acreage","United States","1,000 acres","1943/44","MY Jun-May",5311
"Rye","Rye","Crops - Production","Production","United States","1,000 bushels","1943/44","MY Jun-May",28680
"Rye","Rye","Crops - Yield","Yield","United States","Bushels per acre","1943/44","MY Jun-May",10.8
"Rye","Rye","Crops - Harvested","Harvested acreage","United States","1,000 acres","1944/45","MY Jun-May",2132
"Rye","Rye","Crops - Market Year Average / Price per Unit ","Weighted-average farm price","United States","Dollars per bushel","1944/45","MY Jun-May",1.09
"Rye","Rye","Crops - Planted All Purposes","Planted acreage","United States","1,000 acres","1944/45","MY Jun-May",4415
"Rye","Rye","Crops - Production","Production","United States","1,000 bushels","1944/45","MY Jun-May",22525
"Rye","Rye","Crops - Yield","Yield","United States","Bushels per acre","1944/45","MY Jun-May",10.6
"Rye","Rye","Crops - Harvested","Harvested acreage","United States","1,000 acres","1945/46","MY Jun-May",1850
"Rye","Rye","Crops - Market Year Average / Price per Unit ","Weighted-average farm price","United States","Dollars per bushel","1945/46","MY Jun-May",1.36
"Rye","Rye","Crops - Planted All Purposes","Planted acreage","United States","1,000 acres","1945/46","MY Jun-May",4157
"Rye","Rye","Crops - Production","Production","United States","1,000 bushels","1945/46","MY Jun-May",23708
"Rye","Rye","Crops - Yield","Yield","United States","Bushels per acre","1945/46","MY Jun-May",12.8
"Rye","Rye","Crops - Harvested","Harvested acreage","United States","1,000 acres","1946/47","MY Jun-May",1597
"Rye","Rye","Crops - Market Year Average / Price per Unit ","Weighted-average farm price","United States","Dollars per bushel","1946/47","MY Jun-May",1.94
"Rye","Rye","Crops - Planted All Purposes","Planted acreage","United States","1,000 acres","1946/47","MY Jun-May",3396
"Rye","Rye","Crops - Production","Production","United States","1,000 bushels","1946/47","MY Jun-May",18487
"Rye","Rye","Crops - Yield","Yield","United States","Bushels per acre","1946/47","MY Jun-May",11.6
"Rye","Rye","Crops - Harvested","Harvested acreage","United States","1,000 acres","1947/48","MY Jun-May",1991
"Rye","Rye","Crops - Market Year Average / Price per Unit ","Weighted-average farm price","United States","Dollars per bushel","1947/48","MY Jun-May",2.28
"Rye","Rye","Crops - Planted All Purposes","Planted acreage","United States","1,000 acres","1947/48","MY Jun-May",3678
"Rye","Rye","Crops - Production","Production","United States","1,000 bushels","1947/48","MY Jun-May",25497
"Rye","Rye","Crops - Yield","Yield","United States","Bushels per acre","1947/48","MY Jun-May",12.8
"Rye","Rye","Crops - Harvested","Harvested acreage","United States","1,000 acres","1948/49","MY Jun-May",2058
"Rye","Rye","Crops - Market Year Average / Price per Unit ","Weighted-average farm price","United States","Dollars per bushel","1948/49","MY Jun-May",1.43
"Rye","Rye","Crops - Planted All Purposes","Planted acreage","United States","1,000 acres","1948/49","MY Jun-May",3725
"Rye","Rye","Crops - Production","Production","United States","1,000 bushels","1948/49","MY Jun-May",25886
"Rye","Rye","Crops - Yield","Yield","United States","Bushels per acre","1948/49","MY Jun-May",12.6
"Rye","Rye","Crops - Harvested","Harvested acreage","United States","1,000 acres","1949/50","MY Jun-May",1554
"Rye","Rye","Crops - Market Year Average / Price per Unit ","Weighted-average farm price","United States","Dollars per bushel","1949/50","MY Jun-May",1.2
"Rye","Rye","Crops - Planted All Purposes","Planted acreage","United States","1,000 acres","1949/50","MY Jun-May",3293
"Rye","Rye","Crops - Production","Production","United States","1,000 bushels","1949/50","MY Jun-May",18102
"Rye","Rye","Crops - Yield","Yield","United States","Bushels per acre","1949/50","MY Jun-May",11.6
"Rye","Rye","Crops - Harvested","Harvested acreage","United States","1,000 acres","1950/51","MY Jun-May",1753
"Rye","Rye","Crops - Market Year Average / Price per Unit ","Weighted-average farm price","United States","Dollars per bushel","1950/51","MY Jun-May",1.31
"Rye","Rye","Crops - Planted All Purposes","Planted acreage","United States","1,000 acres","1950/51","MY Jun-May",3664
"Rye","Rye","Crops - Production","Production","United States","1,000 bushels","1950/51","MY Jun-May",21403
"Rye","Rye","Crops - Yield","Yield","United States","Bushels per acre","1950/51","MY Jun-May",12.2
"Rye","Rye","Crops - Harvested","Harvested acreage","United States","1,000 acres","1951/52","MY Jun-May",1722
"Rye","Rye","Crops - Market Year Average / Price per Unit ","Weighted-average farm price","United States","Dollars per bushel","1951/52","MY Jun-May",1.52
"Rye","Rye","Crops - Planted All Purposes","Planted acreage","United States","1,000 acres","1951/52","MY Jun-May",3616
"Rye","Rye","Crops - Production","Production","United States","1,000 bushels","1951/52","MY Jun-May",21517
"Rye","Rye","Crops - Yield","Yield","United States","Bushels per acre","1951/52","MY Jun-May",12.5
"Rye","Rye","Crops - Harvested","Harvested acreage","United States","1,000 acres","1952/53","MY Jun-May",1393
"Rye","Rye","Crops - Market Year Average / Price per Unit ","Weighted-average farm price","United States","Dollars per bushel","1952/53","MY Jun-May",1.72
"Rye","Rye","Crops - Planted All Purposes","Planted acreage","United States","1,000 acres","1952/53","MY Jun-May",3186
"Rye","Rye","Crops - Production","Production","United States","1,000 bushels","1952/53","MY Jun-May",16146
"Rye","Rye","Crops - Yield","Yield","United States","Bushels per acre","1952/53","MY Jun-May",11.6
"Rye","Rye","Crops - Harvested","Harvested acreage","United States","1,000 acres","1953/54","MY Jun-May",1430
"Rye","Rye","Crops - Market Year Average / Price per Unit ","Weighted-average farm price","United States","Dollars per bushel","1953/54","MY Jun-May",1.29
"Rye","Rye","Crops - Planted All Purposes","Planted acreage","United States","1,000 acres","1953/54","MY Jun-May",3456
"Rye","Rye","Crops - Production","Production","United States","1,000 bushels","1953/54","MY Jun-May",18894
"Rye","Rye","Crops - Yield","Yield","United States","Bushels per acre","1953/54","MY Jun-May",13.2
"Rye","Rye","Crops - Harvested","Harvested acreage","United States","1,000 acres","1954/55","MY Jun-May",1795
"Rye","Rye","Crops - Market Year Average / Price per Unit ","Weighted-average farm price","United States","Dollars per bushel","1954/55","MY Jun-May",1.21
"Rye","Rye","Crops - Planted All Purposes","Planted acreage","United States","1,000 acres","1954/55","MY Jun-May",4178
"Rye","Rye","Crops - Production","Production","United States","1,000 bushels","1954/55","MY Jun-May",25963
"Rye","Rye","Crops - Yield","Yield","United States","Bushels per acre","1954/55","MY Jun-May",14.5
"Rye","Rye","Crops - Harvested","Harvested acreage","United States","1,000 acres","1955/56","MY Jun-May",2049
"Rye","Rye","Crops - Market Year Average / Price per Unit ","Weighted-average farm price","United States","Dollars per bushel","1955/56","MY Jun-May",1.06
"Rye","Rye","Crops - Planted All Purposes","Planted acreage","United States","1,000 acres","1955/56","MY Jun-May",5133
"Rye","Rye","Crops - Production","Production","United States","1,000 bushels","1955/56","MY Jun-May",29089
"Rye","Rye","Crops - Yield","Yield","United States","Bushels per acre","1955/56","MY Jun-May",14.2
"Rye","Rye","Crops - Harvested","Harvested acreage","United States","1,000 acres","1956/57","MY Jun-May",1624
"Rye","Rye","Crops - Market Year Average / Price per Unit ","Weighted-average farm price","United States","Dollars per bushel","1956/57","MY Jun-May",1.15
"Rye","Rye","Crops - Planted All Purposes","Planted acreage","United States","1,000 acres","1956/57","MY Jun-May",4546
"Rye","Rye","Crops - Production","Production","United States","1,000 bushels","1956/57","MY Jun-May",21288
"Rye","Rye","Crops - Yield","Yield","United States","Bushels per acre","1956/57","MY Jun-May",13.1
"Rye","Rye","Crops - Harvested","Harvested acreage","United States","1,000 acres","1957/58","MY Jun-May",1718
"Rye","Rye","Crops - Market Year Average / Price per Unit ","Weighted-average farm price","United States","Dollars per bushel","1957/58","MY Jun-May",1.07
"Rye","Rye","Crops - Planted All Purposes","Planted acreage","United States","1,000 acres","1957/58","MY Jun-May",4415
"Rye","Rye","Crops - Production","Production","United States","1,000 bushels","1957/58","MY Jun-May",28516
"Rye","Rye","Crops - Yield","Yield","United States","Bushels per acre","1957/58","MY Jun-May",16.6
"Rye","Rye","Crops - Harvested","Harvested acreage","United States","1,000 acres","1958/59","MY Jun-May",1797
"Rye","Rye","Crops - Market Year Average / Price per Unit ","Weighted-average farm price","United States","Dollars per bushel","1958/59","MY Jun-May",1.02
"Rye","Rye","Crops - Planted All Purposes","Planted acreage","United States","1,000 acres","1958/59","MY Jun-May",4390
"Rye","Rye","Crops - Production","Production","United States","1,000 bushels","1958/59","MY Jun-May",33182
"Rye","Rye","Crops - Yield","Yield","United States","Bushels per acre","1958/59","MY Jun-May",18.5
"Rye","Rye","Crops - Harvested","Harvested acreage","United States","1,000 acres","1959/60","MY Jun-May",1457
"Rye","Rye","Crops - Market Year Average / Price per Unit ","Weighted-average farm price","United States","Dollars per bushel","1959/60","MY Jun-May",0.999
"Rye","Rye","Crops - Planted All Purposes","Planted acreage","United States","1,000 acres","1959/60","MY Jun-May",4013
"Rye","Rye","Crops - Production","Production","United States","1,000 bushels","1959/60","MY Jun-May",23076
"Rye","Rye","Crops - Yield","Yield","United States","Bushels per acre","1959/60","MY Jun-May",15.8
"Rye","Rye","Crops - Harvested","Harvested acreage","United States","1,000 acres","1960/61","MY Jun-May",1688
"Rye","Rye","Crops - Market Year Average / Price per Unit ","Weighted-average farm price","United States","Dollars per bushel","1960/61","MY Jun-May",0.882
"Rye","Rye","Crops - Planted All Purposes","Planted acreage","United States","1,000 acres","1960/61","MY Jun-May",4111
"Rye","Rye","Crops - Production","Production","United States","1,000 bushels","1960/61","MY Jun-May",33108
"Rye","Rye","Crops - Yield","Yield","United States","Bushels per acre","1960/61","MY Jun-May",19.6
"Rye","Rye","Crops - Harvested","Harvested acreage","United States","1,000 acres","1961/62","MY Jun-May",1543
"Rye","Rye","Crops - Market Year Average / Price per Unit ","Weighted-average farm price","United States","Dollars per bushel","1961/62","MY Jun-May",1.01
"Rye","Rye","Crops - Planted All Purposes","Planted acreage","United States","1,000 acres","1961/62","MY Jun-May",4157
"Rye","Rye","Crops - Production","Production","United States","1,000 bushels","1961/62","MY Jun-May",27336
"Rye","Rye","Crops - Yield","Yield","United States","Bushels per acre","1961/62","MY Jun-May",17.7
"Rye","Rye","Crops - Harvested","Harvested acreage","United States","1,000 acres","1962/63","MY Jun-May",1981
"Rye","Rye","Crops - Market Year Average / Price per Unit ","Weighted-average farm price","United States","Dollars per bushel","1962/63","MY Jun-May",0.947
"Rye","Rye","Crops - Planted All Purposes","Planted acreage","United States","1,000 acres","1962/63","MY Jun-May",4880
"Rye","Rye","Crops - Production","Production","United States","1,000 bushels","1962/63","MY Jun-May",40698
"Rye","Rye","Crops - Yield","Yield","United States","Bushels per acre","1962/63","MY Jun-May",20.5
"Rye","Rye","Crops - Harvested","Harvested acreage","United States","1,000 acres","1963/64","MY Jun-May",1588
"Rye","Rye","Crops - Market Year Average / Price per Unit ","Weighted-average farm price","United States","Dollars per bushel","1963/64","MY Jun-May",1.08
"Rye","Rye","Crops - Planted All Purposes","Planted acreage","United States","1,000 acres","1963/64","MY Jun-May",4376
"Rye","Rye","Crops - Production","Production","United States","1,000 bushels","1963/64","MY Jun-May",29178
"Rye","Rye","Crops - Yield","Yield","United States","Bushels per acre","1963/64","MY Jun-May",18.4
"Rye","Rye","Crops - Harvested","Harvested acreage","United States","1,000 acres","1964/65","MY Jun-May",1696
"Rye","Rye","Crops - Market Year Average / Price per Unit ","Weighted-average farm price","United States","Dollars per bushel","1964/65","MY Jun-May",1.03
"Rye","Rye","Crops - Planted All Purposes","Planted acreage","United States","1,000 acres","1964/65","MY Jun-May",4552
"Rye","Rye","Crops - Production","Production","United States","1,000 bushels","1964/65","MY Jun-May",32476
"Rye","Rye","Crops - Yield","Yield","United States","Bushels per acre","1964/65","MY Jun-May",19.1
"Rye","Rye","Crops - Harvested","Harvested acreage","United States","1,000 acres","1965/66","MY Jun-May",1473
"Rye","Rye","Crops - Market Year Average / Price per Unit ","Weighted-average farm price","United States","Dollars per bushel","1965/66","MY Jun-May",0.977
"Rye","Rye","Crops - Planted All Purposes","Planted acreage","United States","1,000 acres","1965/66","MY Jun-May",4237
"Rye","Rye","Crops - Production","Production","United States","1,000 bushels","1965/66","MY Jun-May",33307
"Rye","Rye","Crops - Yield","Yield","United States","Bushels per acre","1965/66","MY Jun-May",22.6
"Rye","Rye","Crops - Harvested","Harvested acreage","United States","1,000 acres","1966/67","MY Jun-May",1276
"Rye","Rye","Crops - Market Year Average / Price per Unit ","Weighted-average farm price","United States","Dollars per bushel","1966/67","MY Jun-May",1.06
"Rye","Rye","Crops - Planted All Purposes","Planted acreage","United States","1,000 acres","1966/67","MY Jun-May",3980
"Rye","Rye","Crops - Production","Production","United States","1,000 bushels","1966/67","MY Jun-May",27791
"Rye","Rye","Crops - Yield","Yield","United States","Bushels per acre","1966/67","MY Jun-May",21.8
"Rye","Rye","Crops - Harvested","Harvested acreage","United States","1,000 acres","1967/68","MY Jun-May",1063
"Rye","Rye","Crops - Market Year Average / Price per Unit ","Weighted-average farm price","United States","Dollars per bushel","1967/68","MY Jun-May",1.07
"Rye","Rye","Crops - Planted All Purposes","Planted acreage","United States","1,000 acres","1967/68","MY Jun-May",3660
"Rye","Rye","Crops - Production","Production","United States","1,000 bushels","1967/68","MY Jun-May",23949
"Rye","Rye","Crops - Yield","Yield","United States","Bushels per acre","1967/68","MY Jun-May",22.5
"Rye","Rye","Crops - Harvested","Harvested acreage","United States","1,000 acres","1968/69","MY Jun-May",996
"Rye","Rye","Crops - Market Year Average / Price per Unit ","Weighted-average farm price","United States","Dollars per bushel","1968/69","MY Jun-May",1.02
"Rye","Rye","Crops - Planted All Purposes","Planted acreage","United States","1,000 acres","1968/69","MY Jun-May",3425
"Rye","Rye","Crops - Production","Production","United States","1,000 bushels","1968/69","MY Jun-May",22971
"Rye","Rye","Crops - Yield","Yield","United States","Bushels per acre","1968/69","MY Jun-May",23.1
"Rye","Rye","Crops - Harvested","Harvested acreage","United States","1,000 acres","1969/70","MY Jun-May",1291
"Rye","Rye","Crops - Market Year Average / Price per Unit ","Weighted-average farm price","United States","Dollars per bushel","1969/70","MY Jun-May",1.01
"Rye","Rye","Crops - Planted All Purposes","Planted acreage","United States","1,000 acres","1969/70","MY Jun-May",3959
"Rye","Rye","Crops - Production","Production","United States","1,000 bushels","1969/70","MY Jun-May",30204
"Rye","Rye","Crops - Yield","Yield","United States","Bushels per acre","1969/70","MY Jun-May",23.4
"Rye","Rye","Crops - Harvested","Harvested acreage","United States","1,000 acres","1970/71","MY Jun-May",1427
"Rye","Rye","Crops - Market Year Average / Price per Unit ","Weighted-average farm price","United States","Dollars per bushel","1970/71","MY Jun-May",0.99
"Rye","Rye","Crops - Planted All Purposes","Planted acreage","United States","1,000 acres","1970/71","MY Jun-May",4196
"Rye","Rye","Crops - Production","Production","United States","1,000 bushels","1970/71","MY Jun-May",36840
"Rye","Rye","Crops - Yield","Yield","United States","Bushels per acre","1970/71","MY Jun-May",25.8
"Rye","Rye","Crops - Harvested","Harvested acreage","United States","1,000 acres","1971/72","MY Jun-May",1751
"Rye","Rye","Crops - Market Year Average / Price per Unit ","Weighted-average farm price","United States","Dollars per bushel","1971/72","MY Jun-May",0.898
"Rye","Rye","Crops - Planted All Purposes","Planted acreage","United States","1,000 acres","1971/72","MY Jun-May",4842
"Rye","Rye","Crops - Production","Production","United States","1,000 bushels","1971/72","MY Jun-May",49223
"Rye","Rye","Crops - Yield","Yield","United States","Bushels per acre","1971/72","MY Jun-May",28.1
"Rye","Rye","Crops - Harvested","Harvested acreage","United States","1,000 acres","1972/73","MY Jun-May",1050
"Rye","Rye","Crops - Market Year Average / Price per Unit ","Weighted-average farm price","United States","Dollars per bushel","1972/73","MY Jun-May",0.963
"Rye","Rye","Crops - Planted All Purposes","Planted acreage","United States","1,000 acres","1972/73","MY Jun-May",3458
"Rye","Rye","Crops - Production","Production","United States","1,000 bushels","1972/73","MY Jun-May",28256
"Rye","Rye","Crops - Yield","Yield","United States","Bushels per acre","1972/73","MY Jun-May",26.9
"Rye","Rye","Crops - Harvested","Harvested acreage","United States","1,000 acres","1973/74","MY Jun-May",955
"Rye","Rye","Crops - Market Year Average / Price per Unit ","Weighted-average farm price","United States","Dollars per bushel","1973/74","MY Jun-May",1.91
"Rye","Rye","Crops - Planted All Purposes","Planted acreage","United States","1,000 acres","1973/74","MY Jun-May",3380
"Rye","Rye","Crops - Production","Production","United States","1,000 bushels","1973/74","MY Jun-May",24677
"Rye","Rye","Crops - Yield","Yield","United States","Bushels per acre","1973/74","MY Jun-May",25.8
"Rye","Rye","Crops - Harvested","Harvested acreage","United States","1,000 acres","1974/75","MY Jun-May",784
"Rye","Rye","Crops - Market Year Average / Price per Unit ","Weighted-average farm price","United States","Dollars per bushel","1974/75","MY Jun-May",2.51
"Rye","Rye","Crops - Planted All Purposes","Planted acreage","United States","1,000 acres","1974/75","MY Jun-May",2828
"Rye","Rye","Crops - Production","Production","United States","1,000 bushels","1974/75","MY Jun-May",17506
"Rye","Rye","Crops - Yield","Yield","United States","Bushels per acre","1974/75","MY Jun-May",22.3
"Rye","Rye","Crops - Harvested","Harvested acreage","United States","1,000 acres","1975/76","MY Jun-May",728
"Rye","Rye","Crops - Market Year Average / Price per Unit ","Weighted-average farm price","United States","Dollars per bushel","1975/76","MY Jun-May",2.36
"Rye","Rye","Crops - Planted All Purposes","Planted acreage","United States","1,000 acres","1975/76","MY Jun-May",2791
"Rye","Rye","Crops - Production","Production","United States","1,000 bushels","1975/76","MY Jun-May",15924
"Rye","Rye","Crops - Yield","Yield","United States","Bushels per acre","1975/76","MY Jun-May",21.9
"Rye","Rye","Crops - Harvested","Harvested acreage","United States","1,000 acres","1976/77","MY Jun-May",719
"Rye","Rye","Crops - Market Year Average / Price per Unit ","Weighted-average farm price","United States","Dollars per bushel","1976/77","MY Jun-May",2.47
"Rye","Rye","Crops - Planted All Purposes","Planted acreage","United States","1,000 acres","1976/77","MY Jun-May",2604
"Rye","Rye","Crops - Production","Production","United States","1,000 bushels","1976/77","MY Jun-May",14891
"Rye","Rye","Crops - Yield","Yield","United States","Bushels per acre","1976/77","MY Jun-May",20.7
"Rye","Rye","Crops - Harvested","Harvested acreage","United States","1,000 acres","1977/78","MY Jun-May",677
"Rye","Rye","Crops - Market Year Average / Price per Unit ","Weighted-average farm price","United States","Dollars per bushel","1977/78","MY Jun-May",2.06
"Rye","Rye","Crops - Planted All Purposes","Planted acreage","United States","1,000 acres","1977/78","MY Jun-May",2555
"Rye","Rye","Crops - Production","Production","United States","1,000 bushels","1977/78","MY Jun-May",16543
"Rye","Rye","Crops - Yield","Yield","United States","Bushels per acre","1977/78","MY Jun-May",24.4
"Rye","Rye","Crops - Harvested","Harvested acreage","United States","1,000 acres","1978/79","MY Jun-May",926
"Rye","Rye","Crops - Market Year Average / Price per Unit ","Weighted-average farm price","United States","Dollars per bushel","1978/79","MY Jun-May",1.99
"Rye","Rye","Crops - Planted All Purposes","Planted acreage","United States","1,000 acres","1978/79","MY Jun-May",2865
"Rye","Rye","Crops - Production","Production","United States","1,000 bushels","1978/79","MY Jun-May",24065
"Rye","Rye","Crops - Yield","Yield","United States","Bushels per acre","1978/79","MY Jun-May",26
"Rye","Rye","Crops - Harvested","Harvested acreage","United States","1,000 acres","1979/80","MY Jun-May",850
"Rye","Rye","Crops - Market Year Average / Price per Unit ","Weighted-average farm price","United States","Dollars per bushel","1979/80","MY Jun-May",2.07
"Rye","Rye","Crops - Planted All Purposes","Planted acreage","United States","1,000 acres","1979/80","MY Jun-May",2839
"Rye","Rye","Crops - Production","Production","United States","1,000 bushels","1979/80","MY Jun-May",21887
"Rye","Rye","Crops - Yield","Yield","United States","Bushels per acre","1979/80","MY Jun-May",25.7
"Rye","Rye","Crops - Harvested","Harvested acreage","United States","1,000 acres","1980/81","MY Jun-May",650
"Rye","Rye","Crops - Market Year Average / Price per Unit ","Weighted-average farm price","United States","Dollars per bushel","1980/81","MY Jun-May",2.63
"Rye","Rye","Crops - Planted All Purposes","Planted acreage","United States","1,000 acres","1980/81","MY Jun-May",2488
"Rye","Rye","Crops - Production","Production","United States","1,000 bushels","1980/81","MY Jun-May",15958
"Rye","Rye","Crops - Yield","Yield","United States","Bushels per acre","1980/81","MY Jun-May",24.6
"Rye","Rye","Crops - Harvested","Harvested acreage","United States","1,000 acres","1981/82","MY Jun-May",685
"Rye","Rye","Crops - Market Year Average / Price per Unit ","Weighted-average farm price","United States","Dollars per bushel","1981/82","MY Jun-May",3
"Rye","Rye","Crops - Planted All Purposes","Planted acreage","United States","1,000 acres","1981/82","MY Jun-May",2566
"Rye","Rye","Crops - Production","Production","United States","1,000 bushels","1981/82","MY Jun-May",18187
"Rye","Rye","Crops - Yield","Yield","United States","Bushels per acre","1981/82","MY Jun-May",26.6
"Rye","Rye","Crops - Harvested","Harvested acreage","United States","1,000 acres","1982/83","MY Jun-May",677
"Rye","Rye","Crops - Market Year Average / Price per Unit ","Weighted-average farm price","United States","Dollars per bushel","1982/83","MY Jun-May",2.4
"Rye","Rye","Crops - Planted All Purposes","Planted acreage","United States","1,000 acres","1982/83","MY Jun-May",2533
"Rye","Rye","Crops - Production","Production","United States","1,000 bushels","1982/83","MY Jun-May",19533
"Rye","Rye","Crops - Yield","Yield","United States","Bushels per acre","1982/83","MY Jun-May",28.9
"Rye","Rye","Crops - Harvested","Harvested acreage","United States","1,000 acres","1983/84","MY Jun-May",892
"Rye","Rye","Crops - Market Year Average / Price per Unit ","Weighted-average farm price","United States","Dollars per bushel","1983/84","MY Jun-May",2.17
"Rye","Rye","Crops - Planted All Purposes","Planted acreage","United States","1,000 acres","1983/84","MY Jun-May",2707
"Rye","Rye","Crops - Production","Production","United States","1,000 bushels","1983/84","MY Jun-May",27008
"Rye","Rye","Crops - Yield","Yield","United States","Bushels per acre","1983/84","MY Jun-May",30.3
"Rye","Rye","Crops - Harvested","Harvested acreage","United States","1,000 acres","1984/85","MY Jun-May",979
"Rye","Rye","Crops - Market Year Average / Price per Unit ","Weighted-average farm price","United States","Dollars per bushel","1984/85","MY Jun-May",2
"Rye","Rye","Crops - Planted All Purposes","Planted acreage","United States","1,000 acres","1984/85","MY Jun-May",2971
"Rye","Rye","Crops - Production","Production","United States","1,000 bushels","1984/85","MY Jun-May",32407
"Rye","Rye","Crops - Yield","Yield","United States","Bushels per acre","1984/85","MY Jun-May",33.1
"Rye","Rye","Crops - Harvested","Harvested acreage","United States","1,000 acres","1985/86","MY Jun-May",708
"Rye","Rye","Crops - Market Year Average / Price per Unit ","Weighted-average farm price","United States","Dollars per bushel","1985/86","MY Jun-May",2.03
"Rye","Rye","Crops - Planted All Purposes","Planted acreage","United States","1,000 acres","1985/86","MY Jun-May",2543
"Rye","Rye","Crops - Production","Production","United States","1,000 bushels","1985/86","MY Jun-May",20373
"Rye","Rye","Crops - Yield","Yield","United States","Bushels per acre","1985/86","MY Jun-May",28.8
"Rye","Rye","Crops - Harvested","Harvested acreage","United States","1,000 acres","1986/87","MY Jun-May",661
"Rye","Rye","Crops - Market Year Average / Price per Unit ","Weighted-average farm price","United States","Dollars per bushel","1986/87","MY Jun-May",1.48
"Rye","Rye","Crops - Planted All Purposes","Planted acreage","United States","1,000 acres","1986/87","MY Jun-May",2334
"Rye","Rye","Crops - Production","Production","United States","1,000 bushels","1986/87","MY Jun-May",19067
"Rye","Rye","Crops - Yield","Yield","United States","Bushels per acre","1986/87","MY Jun-May",28.8
"Rye","Rye","Crops - Harvested","Harvested acreage","United States","1,000 acres","1987/88","MY Jun-May",671
"Rye","Rye","Crops - Market Year Average / Price per Unit ","Weighted-average farm price","United States","Dollars per bushel","1987/88","MY Jun-May",1.62
"Rye","Rye","Crops - Planted All Purposes","Planted acreage","United States","1,000 acres","1987/88","MY Jun-May",2428
"Rye","Rye","Crops - Production","Production","United States","1,000 bushels","1987/88","MY Jun-May",19526
"Rye","Rye","Crops - Yield","Yield","United States","Bushels per acre","1987/88","MY Jun-May",29.1
"Rye","Rye","Crops - Harvested","Harvested acreage","United States","1,000 acres","1988/89","MY Jun-May",595
"Rye","Rye","Crops - Market Year Average / Price per Unit ","Weighted-average farm price","United States","Dollars per bushel","1988/89","MY Jun-May",2.52
"Rye","Rye","Crops - Planted All Purposes","Planted acreage","United States","1,000 acres","1988/89","MY Jun-May",2374
"Rye","Rye","Crops - Production","Production","United States","1,000 bushels","1988/89","MY Jun-May",14689
"Rye","Rye","Crops - Yield","Yield","United States","Bushels per acre","1988/89","MY Jun-May",24.7
"Rye","Rye","Crops - Harvested","Harvested acreage","United States","1,000 acres","1989/90","MY Jun-May",484
"Rye","Rye","Crops - Market Year Average / Price per Unit ","Weighted-average farm price","United States","Dollars per bushel","1989/90","MY Jun-May",2.06
"Rye","Rye","Crops - Planted All Purposes","Planted acreage","United States","1,000 acres","1989/90","MY Jun-May",2014
"Rye","Rye","Crops - Production","Production","United States","1,000 bushels","1989/90","MY Jun-May",13647
"Rye","Rye","Crops - Yield","Yield","United States","Bushels per acre","1989/90","MY Jun-May",28.2
"Rye","Rye","Crops - Harvested","Harvested acreage","United States","1,000 acres","1990/91","MY Jun-May",375
"Rye","Rye","Crops - Market Year Average / Price per Unit ","Weighted-average farm price","United States","Dollars per bushel","1990/91","MY Jun-May",2.09
"Rye","Rye","Crops - Planted All Purposes","Planted acreage","United States","1,000 acres","1990/91","MY Jun-May",1625
"Rye","Rye","Crops - Production","Production","United States","1,000 bushels","1990/91","MY Jun-May",10176
"Rye","Rye","Crops - Yield","Yield","United States","Bushels per acre","1990/91","MY Jun-May",27.1
"Rye","Rye","Crops - Harvested","Harvested acreage","United States","1,000 acres","1991/92","MY Jun-May",395
"Rye","Rye","Crops - Market Year Average / Price per Unit ","Weighted-average farm price","United States","Dollars per bushel","1991/92","MY Jun-May",2.2
"Rye","Rye","Crops - Planted All Purposes","Planted acreage","United States","1,000 acres","1991/92","MY Jun-May",1671
"Rye","Rye","Crops - Production","Production","United States","1,000 bushels","1991/92","MY Jun-May",9734
"Rye","Rye","Crops - Yield","Yield","United States","Bushels per acre","1991/92","MY Jun-May",24.6
"Rye","Rye","Crops - Harvested","Harvested acreage","United States","1,000 acres","1992/93","MY Jun-May",391
"Rye","Rye","Crops - Market Year Average / Price per Unit ","Weighted-average farm price","United States","Dollars per bushel","1992/93","MY Jun-May",2.38
"Rye","Rye","Crops - Planted All Purposes","Planted acreage","United States","1,000 acres","1992/93","MY Jun-May",1542
"Rye","Rye","Crops - Production","Production","United States","1,000 bushels","1992/93","MY Jun-May",11440
"Rye","Rye","Crops - Yield","Yield","United States","Bushels per acre","1992/93","MY Jun-May",29.3
"Rye","Rye","Crops - Harvested","Harvested acreage","United States","1,000 acres","1993/94","MY Jun-May",381
"Rye","Rye","Crops - Market Year Average / Price per Unit ","Weighted-average farm price","United States","Dollars per bushel","1993/94","MY Jun-May",2.55
"Rye","Rye","Crops - Planted All Purposes","Planted acreage","United States","1,000 acres","1993/94","MY Jun-May",1493
"Rye","Rye","Crops - Production","Production","United States","1,000 bushels","1993/94","MY Jun-May",10340
"Rye","Rye","Crops - Yield","Yield","United States","Bushels per acre","1993/94","MY Jun-May",27.1
"Rye","Rye","Crops - Harvested","Harvested acreage","United States","1,000 acres","1994/95","MY Jun-May",407
"Rye","Rye","Crops - Market Year Average / Price per Unit ","Weighted-average farm price","United States","Dollars per bushel","1994/95","MY Jun-May",2.7
"Rye","Rye","Crops - Planted All Purposes","Planted acreage","United States","1,000 acres","1994/95","MY Jun-May",1613
"Rye","Rye","Crops - Production","Production","United States","1,000 bushels","1994/95","MY Jun-May",11341
"Rye","Rye","Crops - Yield","Yield","United States","Bushels per acre","1994/95","MY Jun-May",27.9
"Rye","Rye","Crops - Harvested","Harvested acreage","United States","1,000 acres","1995/96","MY Jun-May",385
"Rye","Rye","Crops - Market Year Average / Price per Unit ","Weighted-average farm price","United States","Dollars per bushel","1995/96","MY Jun-May",2.9
"Rye","Rye","Crops - Planted All Purposes","Planted acreage","United States","1,000 acres","1995/96","MY Jun-May",1602
"Rye","Rye","Crops - Production","Production","United States","1,000 bushels","1995/96","MY Jun-May",10064
"Rye","Rye","Crops - Yield","Yield","United States","Bushels per acre","1995/96","MY Jun-May",26.1
"Rye","Rye","Crops - Harvested","Harvested acreage","United States","1,000 acres","1996/97","MY Jun-May",345
"Rye","Rye","Crops - Market Year Average / Price per Unit ","Weighted-average farm price","United States","Dollars per bushel","1996/97","MY Jun-May",3.7
"Rye","Rye","Crops - Planted All Purposes","Planted acreage","United States","1,000 acres","1996/97","MY Jun-May",1457
"Rye","Rye","Crops - Production","Production","United States","1,000 bushels","1996/97","MY Jun-May",8936
"Rye","Rye","Crops - Yield","Yield","United States","Bushels per acre","1996/97","MY Jun-May",25.9
"Rye","Rye","Crops - Harvested","Harvested acreage","United States","1,000 acres","1997/98","MY Jun-May",316
"Rye","Rye","Crops - Market Year Average / Price per Unit ","Weighted-average farm price","United States","Dollars per bushel","1997/98","MY Jun-May",3.75
"Rye","Rye","Crops - Planted All Purposes","Planted acreage","United States","1,000 acres","1997/98","MY Jun-May",1400
"Rye","Rye","Crops - Production","Production","United States","1,000 bushels","1997/98","MY Jun-May",8132
"Rye","Rye","Crops - Yield","Yield","United States","Bushels per acre","1997/98","MY Jun-May",25.7
"Rye","Rye","Crops - Harvested","Harvested acreage","United States","1,000 acres","1998/99","MY Jun-May",418
"Rye","Rye","Crops - Market Year Average / Price per Unit ","Weighted-average farm price","United States","Dollars per bushel","1998/99","MY Jun-May",2.5
"Rye","Rye","Crops - Planted All Purposes","Planted acreage","United States","1,000 acres","1998/99","MY Jun-May",1566
"Rye","Rye","Crops - Production","Production","United States","1,000 bushels","1998/99","MY Jun-May",12161
"Rye","Rye","Crops - Yield","Yield","United States","Bushels per acre","1998/99","MY Jun-May",29.1
"Rye","Rye","Crops - Harvested","Harvested acreage","United States","1,000 acres","1999/00","MY Jun-May",383
"Rye","Rye","Crops - Market Year Average / Price per Unit ","Weighted-average farm price","United States","Dollars per bushel","1999/00","MY Jun-May",2.27
"Rye","Rye","Crops - Planted All Purposes","Planted acreage","United States","1,000 acres","1999/00","MY Jun-May",1582
"Rye","Rye","Crops - Production","Production","United States","1,000 bushels","1999/00","MY Jun-May",11038
"Rye","Rye","Crops - Yield","Yield","United States","Bushels per acre","1999/00","MY Jun-May",28.8
"Rye","Rye","Crops - Harvested","Harvested acreage","United States","1,000 acres","2000/01","MY Jun-May",296
"Rye","Rye","Crops - Market Year Average / Price per Unit ","Weighted-average farm price","United States","Dollars per bushel","2000/01","MY Jun-May",2.6
"Rye","Rye","Crops - Planted All Purposes","Planted acreage","United States","1,000 acres","2000/01","MY Jun-May",1329
"Rye","Rye","Crops - Production","Production","United States","1,000 bushels","2000/01","MY Jun-May",8386
"Rye","Rye","Crops - Yield","Yield","United States","Bushels per acre","2000/01","MY Jun-May",28.3
"Rye","Rye","Crops - Harvested","Harvested acreage","United States","1,000 acres","2001/02","MY Jun-May",250
"Rye","Rye","Crops - Market Year Average / Price per Unit ","Weighted-average farm price","United States","Dollars per bushel","2001/02","MY Jun-May",2.86
"Rye","Rye","Crops - Planted All Purposes","Planted acreage","United States","1,000 acres","2001/02","MY Jun-May",1328
"Rye","Rye","Crops - Production","Production","United States","1,000 bushels","2001/02","MY Jun-May",6896
"Rye","Rye","Crops - Yield","Yield","United States","Bushels per acre","2001/02","MY Jun-May",27.6
"Rye","Rye","Crops - Harvested","Harvested acreage","United States","1,000 acres","2002/03","MY Jun-May",263
"Rye","Rye","Crops - Market Year Average / Price per Unit ","Weighted-average farm price","United States","Dollars per bushel","2002/03","MY Jun-May",3.32
"Rye","Rye","Crops - Planted All Purposes","Planted acreage","United States","1,000 acres","2002/03","MY Jun-May",1355
"Rye","Rye","Crops - Production","Production","United States","1,000 bushels","2002/03","MY Jun-May",6488
"Rye","Rye","Crops - Yield","Yield","United States","Bushels per acre","2002/03","MY Jun-May",24.7
"Rye","Rye","Crops - Harvested","Harvested acreage","United States","1,000 acres","2003/04","MY Jun-May",319
"Rye","Rye","Crops - Market Year Average / Price per Unit ","Weighted-average farm price","United States","Dollars per bushel","2003/04","MY Jun-May",2.93
"Rye","Rye","Crops - Planted All Purposes","Planted acreage","United States","1,000 acres","2003/04","MY Jun-May",1348
"Rye","Rye","Crops - Production","Production","United States","1,000 bushels","2003/04","MY Jun-May",8634
"Rye","Rye","Crops - Yield","Yield","United States","Bushels per acre","2003/04","MY Jun-May",27.1
"Rye","Rye","Crops - Harvested","Harvested acreage","United States","1,000 acres","2004/05","MY Jun-May",300
"Rye","Rye","Crops - Market Year Average / Price per Unit ","Weighted-average farm price","United States","Dollars per bushel","2004/05","MY Jun-May",3.22
"Rye","Rye","Crops - Planted All Purposes","Planted acreage","United States","1,000 acres","2004/05","MY Jun-May",1380
"Rye","Rye","Crops - Production","Production","United States","1,000 bushels","2004/05","MY Jun-May",8255
"Rye","Rye","Crops - Yield","Yield","United States","Bushels per acre","2004/05","MY Jun-May",27.5
"Rye","Rye","Crops - Harvested","Harvested acreage","United States","1,000 acres","2005/06","MY Jun-May",279
"Rye","Rye","Crops - Market Year Average / Price per Unit ","Weighted-average farm price","United States","Dollars per bushel","2005/06","MY Jun-May",3.3
"Rye","Rye","Crops - Planted All Purposes","Planted acreage","United States","1,000 acres","2005/06","MY Jun-May",1433
"Rye","Rye","Crops - Production","Production","United States","1,000 bushels","2005/06","MY Jun-May",7537
"Rye","Rye","Crops - Yield","Yield","United States","Bushels per acre","2005/06","MY Jun-May",27
"Rye","Rye","Crops - Harvested","Harvested acreage","United States","1,000 acres","2006/07","MY Jun-May",274
"Rye","Rye","Crops - Market Year Average / Price per Unit ","Weighted-average farm price","United States","Dollars per bushel","2006/07","MY Jun-May",3.32
"Rye","Rye","Crops - Planted All Purposes","Planted acreage","United States","1,000 acres","2006/07","MY Jun-May",1396
"Rye","Rye","Crops - Production","Production","United States","1,000 bushels","2006/07","MY Jun-May",7193
"Rye","Rye","Crops - Yield","Yield","United States","Bushels per acre","2006/07","MY Jun-May",26.3
"Rye","Rye","Crops - Harvested","Harvested acreage","United States","1,000 acres","2007/08","MY Jun-May",252
"Rye","Rye","Crops - Market Year Average / Price per Unit ","Weighted-average farm price","United States","Dollars per bushel","2007/08","MY Jun-May",5.01
"Rye","Rye","Crops - Planted All Purposes","Planted acreage","United States","1,000 acres","2007/08","MY Jun-May",1334
"Rye","Rye","Crops - Production","Production","United States","1,000 bushels","2007/08","MY Jun-May",6311
"Rye","Rye","Crops - Yield","Yield","United States","Bushels per acre","2007/08","MY Jun-May",25
"Rye","Rye","Crops - Harvested","Harvested acreage","United States","1,000 acres","2008/09","MY Jun-May",286
"Rye","Rye","Crops - Market Year Average / Price per Unit ","Weighted-average farm price","United States","Dollars per bushel","2008/09","MY Jun-May",6.35
"Rye","Rye","Crops - Planted All Purposes","Planted acreage","United States","1,000 acres","2008/09","MY Jun-May",1345
"Rye","Rye","Crops - Production","Production","United States","1,000 bushels","2008/09","MY Jun-May",8315
"Rye","Rye","Crops - Yield","Yield","United States","Bushels per acre","2008/09","MY Jun-May",29.1
"Rye","Rye","Crops - Harvested","Harvested acreage","United States","1,000 acres","2009/10","MY Jun-May",251
"Rye","Rye","Crops - Market Year Average / Price per Unit ","Weighted-average farm price","United States","Dollars per bushel","2009/10","MY Jun-May",5.06
"Rye","Rye","Crops - Planted All Purposes","Planted acreage","United States","1,000 acres","2009/10","MY Jun-May",1256
"Rye","Rye","Crops - Production","Production","United States","1,000 bushels","2009/10","MY Jun-May",6791
"Rye","Rye","Crops - Yield","Yield","United States","Bushels per acre","2009/10","MY Jun-May",27.1
"Rye","Rye","Crops - Harvested","Harvested acreage","United States","1,000 acres","2010/11","MY Jun-May",270
"Rye","Rye","Crops - Market Year Average / Price per Unit ","Weighted-average farm price","United States","Dollars per bushel","2010/11","MY Jun-May",5.18
"Rye","Rye","Crops - Planted All Purposes","Planted acreage","United States","1,000 acres","2010/11","MY Jun-May",1256
"Rye","Rye","Crops - Production","Production","United States","1,000 bushels","2010/11","MY Jun-May",7480
"Rye","Rye","Crops - Yield","Yield","United States","Bushels per acre","2010/11","MY Jun-May",27.7
"Rye","Rye","Crops - Harvested","Harvested acreage","United States","1,000 acres","2011/12","MY Jun-May",239
"Rye","Rye","Crops - Market Year Average / Price per Unit ","Weighted-average farm price","United States","Dollars per bushel","2011/12","MY Jun-May",7.81
"Rye","Rye","Crops - Planted All Purposes","Planted acreage","United States","1,000 acres","2011/12","MY Jun-May",1227
"Rye","Rye","Crops - Production","Production","United States","1,000 bushels","2011/12","MY Jun-May",6051
"Rye","Rye","Crops - Yield","Yield","United States","Bushels per acre","2011/12","MY Jun-May",25.3
"Rye","Rye","Crops - Harvested","Harvested acreage","United States","1,000 acres","2012/13","MY Jun-May",250
"Rye","Rye","Crops - Market Year Average / Price per Unit ","Weighted-average farm price","United States","Dollars per bushel","2012/13","MY Jun-May",7.69
"Rye","Rye","Crops - Planted All Purposes","Planted acreage","United States","1,000 acres","2012/13","MY Jun-May",1271
"Rye","Rye","Crops - Production","Production","United States","1,000 bushels","2012/13","MY Jun-May",6542
"Rye","Rye","Crops - Yield","Yield","United States","Bushels per acre","2012/13","MY Jun-May",26.2
"Rye","Rye","Crops - Harvested","Harvested acreage","United States","1,000 acres","2013/14","MY Jun-May",278
"Rye","Rye","Crops - Market Year Average / Price per Unit ","Weighted-average farm price","United States","Dollars per bushel","2013/14","MY Jun-May",7.95
"Rye","Rye","Crops - Planted All Purposes","Planted acreage","United States","1,000 acres","2013/14","MY Jun-May",1451
"Rye","Rye","Crops - Production","Production","United States","1,000 bushels","2013/14","MY Jun-May",7626
"Rye","Rye","Crops - Yield","Yield","United States","Bushels per acre","2013/14","MY Jun-May",27.4
"Rye","Rye","Crops - Harvested","Harvested acreage","United States","1,000 acres","2014/15","MY Jun-May",258
"Rye","Rye","Crops - Market Year Average / Price per Unit ","Weighted-average farm price","United States","Dollars per bushel","2014/15","MY Jun-May",7.74
"Rye","Rye","Crops - Planted All Purposes","Planted acreage","United States","1,000 acres","2014/15","MY Jun-May",1434
"Rye","Rye","Crops - Production","Production","United States","1,000 bushels","2014/15","MY Jun-May",7189
"Rye","Rye","Crops - Yield","Yield","United States","Bushels per acre","2014/15","MY Jun-May",27.9
"Rye","Rye","Crops - Harvested","Harvested acreage","United States","1,000 acres","2015/16","MY Jun-May",365
"Rye","Rye","Crops - Market Year Average / Price per Unit ","Weighted-average farm price","United States","Dollars per bushel","2015/16","MY Jun-May",6.5
"Rye","Rye","Crops - Planted All Purposes","Planted acreage","United States","1,000 acres","2015/16","MY Jun-May",1584
"Rye","Rye","Crops - Production","Production","United States","1,000 bushels","2015/16","MY Jun-May",11616
"Rye","Rye","Crops - Yield","Yield","United States","Bushels per acre","2015/16","MY Jun-May",31.8
"Rye","Rye","Crops - Harvested","Harvested acreage","United States","1,000 acres","2016/17","MY Jun-May",411
"Rye","Rye","Crops - Market Year Average / Price per Unit ","Weighted-average farm price","United States","Dollars per bushel","2016/17","MY Jun-May",5.12
"Rye","Rye","Crops - Planted All Purposes","Planted acreage","United States","1,000 acres","2016/17","MY Jun-May",1891
"Rye","Rye","Crops - Production","Production","United States","1,000 bushels","2016/17","MY Jun-May",13337
"Rye","Rye","Crops - Yield","Yield","United States","Bushels per acre","2016/17","MY Jun-May",32.5
"Rye","Rye","Crops - Harvested","Harvested acreage","United States","1,000 acres","2017/18","MY Jun-May",300
"Rye","Rye","Crops - Market Year Average / Price per Unit ","Weighted-average farm price","United States","Dollars per bushel","2017/18","MY Jun-May",4.7
"Rye","Rye","Crops - Planted All Purposes","Planted acreage","United States","1,000 acres","2017/18","MY Jun-May",1961
"Rye","Rye","Crops - Production","Production","United States","1,000 bushels","2017/18","MY Jun-May",10252
"Rye","Rye","Crops - Yield","Yield","United States","Bushels per acre","2017/18","MY Jun-May",34.2
"Rye","Rye","Crops - Harvested","Harvested acreage","United States","1,000 acres","2018/19","MY Jun-May",274
"Rye","Rye","Crops - Market Year Average / Price per Unit ","Weighted-average farm price","United States","Dollars per bushel","2018/19","MY Jun-May",6.27
"Rye","Rye","Crops - Planted All Purposes","Planted acreage","United States","1,000 acres","2018/19","MY Jun-May",2021
"Rye","Rye","Crops - Production","Production","United States","1,000 bushels","2018/19","MY Jun-May",8454
"Rye","Rye","Crops - Yield","Yield","United States","Bushels per acre","2018/19","MY Jun-May",30.9
"Rye","Rye","Crops - Harvested","Harvested acreage","United States","1,000 acres","2019/20","MY Jun-May",312
"Rye","Rye","Crops - Market Year Average / Price per Unit ","Weighted-average farm price","United States","Dollars per bushel","2019/20","MY Jun-May",6
"Rye","Rye","Crops - Planted All Purposes","Planted acreage","United States","1,000 acres","2019/20","MY Jun-May",1875
"Rye","Rye","Crops - Production","Production","United States","1,000 bushels","2019/20","MY Jun-May",10668
"Rye","Rye","Crops - Yield","Yield","United States","Bushels per acre","2019/20","MY Jun-May",34.2
"Rye","Rye","Crops - Harvested","Harvested acreage","United States","1,000 acres","2020/21","MY Jun-May",332
"Rye","Rye","Crops - Market Year Average / Price per Unit ","Weighted-average farm price","United States","Dollars per bushel","2020/21","MY Jun-May",5.35
"Rye","Rye","Crops - Planted All Purposes","Planted acreage","United States","1,000 acres","2020/21","MY Jun-May",1975
"Rye","Rye","Crops - Production","Production","United States","1,000 bushels","2020/21","MY Jun-May",11582
"Rye","Rye","Crops - Yield","Yield","United States","Bushels per acre","2020/21","MY Jun-May",34.9
"Rye","Rye","Crops - Harvested","Harvested acreage","United States","1,000 acres","2021/22","MY Jun-May",294
"Rye","Rye","Crops - Market Year Average / Price per Unit ","Weighted-average farm price","United States","Dollars per bushel","2021/22","MY Jun-May",6.76
"Rye","Rye","Crops - Planted All Purposes","Planted acreage","United States","1,000 acres","2021/22","MY Jun-May",2133
"Rye","Rye","Crops - Production","Production","United States","1,000 bushels","2021/22","MY Jun-May",9808
"Rye","Rye","Crops - Yield","Yield","United States","Bushels per acre","2021/22","MY Jun-May",33.4
"Rye","Rye","Crops - Harvested","Harvested acreage","United States","1,000 acres","2022/23","MY Jun-May",345
"Rye","Rye","Crops - Market Year Average / Price per Unit ","Weighted-average farm price","United States","Dollars per bushel","2022/23","MY Jun-May",7.17
"Rye","Rye","Crops - Planted All Purposes","Planted acreage","United States","1,000 acres","2022/23","MY Jun-May",2175
"Rye","Rye","Crops - Production","Production","United States","1,000 bushels","2022/23","MY Jun-May",12453
"Rye","Rye","Crops - Yield","Yield","United States","Bushels per acre","2022/23","MY Jun-May",36.1
"Rye","Rye","Crops - Harvested","Harvested acreage","United States","1,000 acres","2023/24","MY Jun-May",322
"Rye","Rye","Crops - Market Year Average / Price per Unit ","Weighted-average farm price","United States","Dollars per bushel","2023/24","MY Jun-May",6.61
"Rye","Rye","Crops - Planted All Purposes","Planted acreage","United States","1,000 acres","2023/24","MY Jun-May",2293
"Rye","Rye","Crops - Production","Production","United States","1,000 bushels","2023/24","MY Jun-May",10375
"Rye","Rye","Crops - Yield","Yield","United States","Bushels per acre","2023/24","MY Jun-May",32.2
"Rye","Rye","Crops - Harvested","Harvested acreage","United States","1,000 acres","2024/25","MY Jun-May",402
"Rye","Rye","Crops - Market Year Average / Price per Unit ","Weighted-average farm price","United States","Dollars per bushel","2024/25","MY Jun-May",5.8
"Rye","Rye","Crops - Planted All Purposes","Planted acreage","United States","1,000 acres","2024/25","MY Jun-May",2206
"Rye","Rye","Crops - Production","Production","United States","1,000 bushels","2024/25","MY Jun-May",14729
"Rye","Rye","Crops - Yield","Yield","United States","Bushels per acre","2024/25","MY Jun-May",36.6
"Rye","Rye","Crops - Harvested","Harvested acreage","United States","1,000 acres","2025/26","MY Jun-May",341
"Rye","Rye","Crops - Planted All Purposes","Planted acreage","United States","1,000 acres","2025/26","MY Jun-May",2229
"Rye","Rye","Crops - Production","Production","United States","1,000 bushels","2025/26","MY Jun-May",12459
"Rye","Rye","Crops - Yield","Yield","United States","Bushels per acre","2025/26","MY Jun-May",36.5
