Commodity_Desc,Attribute_Desc,Geography_Desc,Unit_Desc,Marketing_Year,Timeperiod_Desc,Amount
"Total wheat grain","Beginning stocks","United States","Million bushels","1975/76","Q1 Jun-Aug",435
"Total wheat grain","Total CCC inventory","United States","Million bushels","1975/76","Q1 Jun-Aug",0.9
"Total wheat grain","Outstanding CCC loans","United States","Million bushels","1975/76","Q1 Jun-Aug",13.6
"Total wheat grain","Unencumbered stocks","United States","Million bushels","1975/76","Q1 Jun-Aug",420.5
"Total wheat grain","Unencumbered stocks","United States","Million bushels","1975/76","Q2 Sep-Nov",2080.5
"Total wheat grain","Outstanding CCC loans","United States","Million bushels","1975/76","Q2 Sep-Nov",19.9
"Total wheat grain","Total CCC inventory","United States","Million bushels","1975/76","Q2 Sep-Nov",0.3
"Total wheat grain","Beginning stocks","United States","Million bushels","1975/76","Q2 Sep-Nov",2100.7
"Total wheat grain","Beginning stocks","United States","Million bushels","1975/76","Q3 Dec-Feb",1548.3
"Total wheat grain","Total CCC inventory","United States","Million bushels","1975/76","Q3 Dec-Feb",0.2
"Total wheat grain","Outstanding CCC loans","United States","Million bushels","1975/76","Q3 Dec-Feb",31.5
"Total wheat grain","Unencumbered stocks","United States","Million bushels","1975/76","Q3 Dec-Feb",1516.6
"Total wheat grain","Total CCC inventory","United States","Million bushels","1975/76","Q4 Mar-May",0
"Total wheat grain","Beginning stocks","United States","Million bushels","1975/76","Q4 Mar-May",1085.5
"Total wheat grain","Beginning stocks","United States","Million bushels","1976/77","Q1 Jun-Aug",665.629
"Total wheat grain","Total CCC inventory","United States","Million bushels","1976/77","Q1 Jun-Aug",0.2
"Total wheat grain","Unencumbered stocks","United States","Million bushels","1976/77","Q1 Jun-Aug",644.029
"Total wheat grain","Outstanding CCC loans","United States","Million bushels","1976/77","Q1 Jun-Aug",21.4
"Total wheat grain","Outstanding CCC loans","United States","Million bushels","1976/77","Q2 Sep-Nov",32.9
"Total wheat grain","Unencumbered stocks","United States","Million bushels","1976/77","Q2 Sep-Nov",2352.3
"Total wheat grain","Total CCC inventory","United States","Million bushels","1976/77","Q2 Sep-Nov",0
"Total wheat grain","Beginning stocks","United States","Million bushels","1976/77","Q2 Sep-Nov",2385.2
"Total wheat grain","Beginning stocks","United States","Million bushels","1976/77","Q3 Dec-Feb",1894.2
"Total wheat grain","Total CCC inventory","United States","Million bushels","1976/77","Q3 Dec-Feb",0
"Total wheat grain","Unencumbered stocks","United States","Million bushels","1976/77","Q3 Dec-Feb",1742.8
"Total wheat grain","Outstanding CCC loans","United States","Million bushels","1976/77","Q3 Dec-Feb",151.4
"Total wheat grain","Outstanding CCC loans","United States","Million bushels","1976/77","Q4 Mar-May",285.5
"Total wheat grain","Unencumbered stocks","United States","Million bushels","1976/77","Q4 Mar-May",1239.2
"Total wheat grain","Total CCC inventory","United States","Million bushels","1976/77","Q4 Mar-May",0.2
"Total wheat grain","Beginning stocks","United States","Million bushels","1976/77","Q4 Mar-May",1524.9
"Total wheat grain","Beginning stocks","United States","Million bushels","1977/78","Q1 Jun-Aug",1113.249
"Total wheat grain","Total CCC inventory","United States","Million bushels","1977/78","Q1 Jun-Aug",0.1
"Total wheat grain","Unencumbered stocks","United States","Million bushels","1977/78","Q1 Jun-Aug",734.949
"Total wheat grain","Outstanding CCC loans","United States","Million bushels","1977/78","Q1 Jun-Aug",378.2
"Total wheat grain","Outstanding CCC loans","United States","Million bushels","1977/78","Q2 Sep-Nov",715.4
"Total wheat grain","Unencumbered stocks","United States","Million bushels","1977/78","Q2 Sep-Nov",1908.5
"Total wheat grain","Total CCC inventory","United States","Million bushels","1977/78","Q2 Sep-Nov",7.8
"Total wheat grain","Beginning stocks","United States","Million bushels","1977/78","Q2 Sep-Nov",2631.7
"Total wheat grain","Beginning stocks","United States","Million bushels","1977/78","Q3 Dec-Feb",2139.4
"Total wheat grain","Total CCC inventory","United States","Million bushels","1977/78","Q3 Dec-Feb",29
"Total wheat grain","Unencumbered stocks","United States","Million bushels","1977/78","Q3 Dec-Feb",1386.4
"Total wheat grain","Outstanding CCC loans","United States","Million bushels","1977/78","Q3 Dec-Feb",724
"Total wheat grain","Outstanding CCC loans","United States","Million bushels","1977/78","Q4 Mar-May",590.9
"Total wheat grain","Unencumbered stocks","United States","Million bushels","1977/78","Q4 Mar-May",1076.6
"Total wheat grain","Total CCC inventory","United States","Million bushels","1977/78","Q4 Mar-May",39.1
"Total wheat grain","Beginning stocks","United States","Million bushels","1977/78","Q4 Mar-May",1706.6
"Total wheat grain","Beginning stocks","United States","Million bushels","1978/79","Q1 Jun-Aug",1177.808
"Total wheat grain","Total CCC inventory","United States","Million bushels","1978/79","Q1 Jun-Aug",48.3
"Total wheat grain","Unencumbered stocks","United States","Million bushels","1978/79","Q1 Jun-Aug",863.208
"Total wheat grain","Outstanding CCC loans","United States","Million bushels","1978/79","Q1 Jun-Aug",266.3
"Total wheat grain","Outstanding CCC loans","United States","Million bushels","1978/79","Q2 Sep-Nov",184
"Total wheat grain","Unencumbered stocks","United States","Million bushels","1978/79","Q2 Sep-Nov",2126.7
"Total wheat grain","Total CCC inventory","United States","Million bushels","1978/79","Q2 Sep-Nov",49.4
"Total wheat grain","Beginning stocks","United States","Million bushels","1978/79","Q2 Sep-Nov",2360.1
"Total wheat grain","Beginning stocks","United States","Million bushels","1978/79","Q3 Dec-Feb",1775.6
"Total wheat grain","Total CCC inventory","United States","Million bushels","1978/79","Q3 Dec-Feb",50
"Total wheat grain","Unencumbered stocks","United States","Million bushels","1978/79","Q3 Dec-Feb",1536.7
"Total wheat grain","Outstanding CCC loans","United States","Million bushels","1978/79","Q3 Dec-Feb",188.9
"Total wheat grain","Outstanding CCC loans","United States","Million bushels","1978/79","Q4 Mar-May",170.6
"Total wheat grain","Unencumbered stocks","United States","Million bushels","1978/79","Q4 Mar-May",1147.2
"Total wheat grain","Total CCC inventory","United States","Million bushels","1978/79","Q4 Mar-May",50.3
"Total wheat grain","Beginning stocks","United States","Million bushels","1978/79","Q4 Mar-May",1368.1
"Total wheat grain","Beginning stocks","United States","Million bushels","1979/80","Q1 Jun-Aug",924.099
"Total wheat grain","Total CCC inventory","United States","Million bushels","1979/80","Q1 Jun-Aug",51.1
"Total wheat grain","Unencumbered stocks","United States","Million bushels","1979/80","Q1 Jun-Aug",751.299
"Total wheat grain","Outstanding CCC loans","United States","Million bushels","1979/80","Q1 Jun-Aug",121.7
"Total wheat grain","Outstanding CCC loans","United States","Million bushels","1979/80","Q2 Sep-Nov",94.3
"Total wheat grain","Unencumbered stocks","United States","Million bushels","1979/80","Q2 Sep-Nov",2350.8
"Total wheat grain","Total CCC inventory","United States","Million bushels","1979/80","Q2 Sep-Nov",49.9
"Total wheat grain","Beginning stocks","United States","Million bushels","1979/80","Q2 Sep-Nov",2495
"Total wheat grain","Beginning stocks","United States","Million bushels","1979/80","Q3 Dec-Feb",1876
"Total wheat grain","Total CCC inventory","United States","Million bushels","1979/80","Q3 Dec-Feb",49.9
"Total wheat grain","Unencumbered stocks","United States","Million bushels","1979/80","Q3 Dec-Feb",1684.7
"Total wheat grain","Outstanding CCC loans","United States","Million bushels","1979/80","Q3 Dec-Feb",141.4
"Total wheat grain","Outstanding CCC loans","United States","Million bushels","1979/80","Q4 Mar-May",133.1
"Total wheat grain","Unencumbered stocks","United States","Million bushels","1979/80","Q4 Mar-May",1209.9
"Total wheat grain","Total CCC inventory","United States","Million bushels","1979/80","Q4 Mar-May",49.5
"Total wheat grain","Beginning stocks","United States","Million bushels","1979/80","Q4 Mar-May",1392.5
"Total wheat grain","Beginning stocks","United States","Million bushels","1980/81","Q1 Jun-Aug",901.999
"Total wheat grain","Total CCC inventory","United States","Million bushels","1980/81","Q1 Jun-Aug",187.8
"Total wheat grain","Unencumbered stocks","United States","Million bushels","1980/81","Q1 Jun-Aug",614.899
"Total wheat grain","Outstanding CCC loans","United States","Million bushels","1980/81","Q1 Jun-Aug",99.3
"Total wheat grain","Outstanding CCC loans","United States","Million bushels","1980/81","Q2 Sep-Nov",96.7
"Total wheat grain","Unencumbered stocks","United States","Million bushels","1980/81","Q2 Sep-Nov",2415.2
"Total wheat grain","Total CCC inventory","United States","Million bushels","1980/81","Q2 Sep-Nov",202.1
"Total wheat grain","Beginning stocks","United States","Million bushels","1980/81","Q2 Sep-Nov",2714
"Total wheat grain","Beginning stocks","United States","Million bushels","1980/81","Q3 Dec-Feb",2092.3
"Total wheat grain","Total CCC inventory","United States","Million bushels","1980/81","Q3 Dec-Feb",202.9
"Total wheat grain","Unencumbered stocks","United States","Million bushels","1980/81","Q3 Dec-Feb",1761.2
"Total wheat grain","Outstanding CCC loans","United States","Million bushels","1980/81","Q3 Dec-Feb",128.2
"Total wheat grain","Outstanding CCC loans","United States","Million bushels","1980/81","Q4 Mar-May",114.3
"Total wheat grain","Unencumbered stocks","United States","Million bushels","1980/81","Q4 Mar-May",1205.3
"Total wheat grain","Total CCC inventory","United States","Million bushels","1980/81","Q4 Mar-May",203.2
"Total wheat grain","Beginning stocks","United States","Million bushels","1980/81","Q4 Mar-May",1522.8
"Total wheat grain","Beginning stocks","United States","Million bushels","1981/82","Q1 Jun-Aug",989.113
"Total wheat grain","Total CCC inventory","United States","Million bushels","1981/82","Q1 Jun-Aug",199.7
"Total wheat grain","Unencumbered stocks","United States","Million bushels","1981/82","Q1 Jun-Aug",734.813
"Total wheat grain","Outstanding CCC loans","United States","Million bushels","1981/82","Q1 Jun-Aug",54.6
"Total wheat grain","Outstanding CCC loans","United States","Million bushels","1981/82","Q2 Sep-Nov",147
"Total wheat grain","Unencumbered stocks","United States","Million bushels","1981/82","Q2 Sep-Nov",2713.6
"Total wheat grain","Total CCC inventory","United States","Million bushels","1981/82","Q2 Sep-Nov",195.4
"Total wheat grain","Beginning stocks","United States","Million bushels","1981/82","Q2 Sep-Nov",3056
"Total wheat grain","Beginning stocks","United States","Million bushels","1981/82","Q3 Dec-Feb",2338.4
"Total wheat grain","Total CCC inventory","United States","Million bushels","1981/82","Q3 Dec-Feb",190.6
"Total wheat grain","Unencumbered stocks","United States","Million bushels","1981/82","Q3 Dec-Feb",1952.4
"Total wheat grain","Outstanding CCC loans","United States","Million bushels","1981/82","Q3 Dec-Feb",195.4
"Total wheat grain","Outstanding CCC loans","United States","Million bushels","1981/82","Q4 Mar-May",182.2
"Total wheat grain","Unencumbered stocks","United States","Million bushels","1981/82","Q4 Mar-May",1405.2
"Total wheat grain","Total CCC inventory","United States","Million bushels","1981/82","Q4 Mar-May",190.2
"Total wheat grain","Beginning stocks","United States","Million bushels","1981/82","Q4 Mar-May",1777.6
"Total wheat grain","Beginning stocks","United States","Million bushels","1982/83","Q1 Jun-Aug",1159.364
"Total wheat grain","Total CCC inventory","United States","Million bushels","1982/83","Q1 Jun-Aug",190.3
"Total wheat grain","Unencumbered stocks","United States","Million bushels","1982/83","Q1 Jun-Aug",857.064
"Total wheat grain","Outstanding CCC loans","United States","Million bushels","1982/83","Q1 Jun-Aug",112
"Total wheat grain","Outstanding CCC loans","United States","Million bushels","1982/83","Q2 Sep-Nov",77.5
"Total wheat grain","Unencumbered stocks","United States","Million bushels","1982/83","Q2 Sep-Nov",2958.5
"Total wheat grain","Total CCC inventory","United States","Million bushels","1982/83","Q2 Sep-Nov",193.3
"Total wheat grain","Beginning stocks","United States","Million bushels","1982/83","Q2 Sep-Nov",3229.3
"Total wheat grain","Beginning stocks","United States","Million bushels","1982/83","Q3 Dec-Feb",2642.8
"Total wheat grain","Total CCC inventory","United States","Million bushels","1982/83","Q3 Dec-Feb",189.7
"Total wheat grain","Unencumbered stocks","United States","Million bushels","1982/83","Q3 Dec-Feb",2347.5
"Total wheat grain","Outstanding CCC loans","United States","Million bushels","1982/83","Q3 Dec-Feb",105.6
"Total wheat grain","Outstanding CCC loans","United States","Million bushels","1982/83","Q4 Mar-May",92.5
"Total wheat grain","Unencumbered stocks","United States","Million bushels","1982/83","Q4 Mar-May",1794.9
"Total wheat grain","Total CCC inventory","United States","Million bushels","1982/83","Q4 Mar-May",184.6
"Total wheat grain","Beginning stocks","United States","Million bushels","1982/83","Q4 Mar-May",2072
"Total wheat grain","Beginning stocks","United States","Million bushels","1983/84","Q1 Jun-Aug",1515.063
"Total wheat grain","Total CCC inventory","United States","Million bushels","1983/84","Q1 Jun-Aug",192
"Total wheat grain","Unencumbered stocks","United States","Million bushels","1983/84","Q1 Jun-Aug",1257.863
"Total wheat grain","Outstanding CCC loans","United States","Million bushels","1983/84","Q1 Jun-Aug",65.2
"Total wheat grain","Outstanding CCC loans","United States","Million bushels","1983/84","Q2 Sep-Nov",294.1
"Total wheat grain","Unencumbered stocks","United States","Million bushels","1983/84","Q2 Sep-Nov",2574
"Total wheat grain","Total CCC inventory","United States","Million bushels","1983/84","Q2 Sep-Nov",365
"Total wheat grain","Beginning stocks","United States","Million bushels","1983/84","Q2 Sep-Nov",3233.1
"Total wheat grain","Beginning stocks","United States","Million bushels","1983/84","Q3 Dec-Feb",2535.7
"Total wheat grain","Total CCC inventory","United States","Million bushels","1983/84","Q3 Dec-Feb",375.8
"Total wheat grain","Unencumbered stocks","United States","Million bushels","1983/84","Q3 Dec-Feb",1763.9
"Total wheat grain","Outstanding CCC loans","United States","Million bushels","1983/84","Q3 Dec-Feb",396
"Total wheat grain","Outstanding CCC loans","United States","Million bushels","1983/84","Q4 Mar-May",443.9
"Total wheat grain","Unencumbered stocks","United States","Million bushels","1983/84","Q4 Mar-May",1193.8
"Total wheat grain","Total CCC inventory","United States","Million bushels","1983/84","Q4 Mar-May",313.8
"Total wheat grain","Beginning stocks","United States","Million bushels","1983/84","Q4 Mar-May",1951.5
"Total wheat grain","Beginning stocks","United States","Million bushels","1984/85","Q1 Jun-Aug",1398.646
"Total wheat grain","Total CCC inventory","United States","Million bushels","1984/85","Q1 Jun-Aug",188
"Total wheat grain","Unencumbered stocks","United States","Million bushels","1984/85","Q1 Jun-Aug",831.546
"Total wheat grain","Outstanding CCC loans","United States","Million bushels","1984/85","Q1 Jun-Aug",379.1
"Total wheat grain","Outstanding CCC loans","United States","Million bushels","1984/85","Q2 Sep-Nov",254.9
"Total wheat grain","Unencumbered stocks","United States","Million bushels","1984/85","Q2 Sep-Nov",2627.1
"Total wheat grain","Total CCC inventory","United States","Million bushels","1984/85","Q2 Sep-Nov",278.1
"Total wheat grain","Beginning stocks","United States","Million bushels","1984/85","Q2 Sep-Nov",3160.1
"Total wheat grain","Beginning stocks","United States","Million bushels","1984/85","Q3 Dec-Feb",2338.5
"Total wheat grain","Total CCC inventory","United States","Million bushels","1984/85","Q3 Dec-Feb",359.4
"Total wheat grain","Unencumbered stocks","United States","Million bushels","1984/85","Q3 Dec-Feb",1731.9
"Total wheat grain","Outstanding CCC loans","United States","Million bushels","1984/85","Q3 Dec-Feb",247.2
"Total wheat grain","Outstanding CCC loans","United States","Million bushels","1984/85","Q4 Mar-May",218.4
"Total wheat grain","Unencumbered stocks","United States","Million bushels","1984/85","Q4 Mar-May",1206.7
"Total wheat grain","Total CCC inventory","United States","Million bushels","1984/85","Q4 Mar-May",375.7
"Total wheat grain","Beginning stocks","United States","Million bushels","1984/85","Q4 Mar-May",1800.8
"Total wheat grain","Beginning stocks","United States","Million bushels","1985/86","Q1 Jun-Aug",1425.24
"Total wheat grain","Total CCC inventory","United States","Million bushels","1985/86","Q1 Jun-Aug",377.6
"Total wheat grain","Unencumbered stocks","United States","Million bushels","1985/86","Q1 Jun-Aug",872.64
"Total wheat grain","Outstanding CCC loans","United States","Million bushels","1985/86","Q1 Jun-Aug",175
"Total wheat grain","Outstanding CCC loans","United States","Million bushels","1985/86","Q2 Sep-Nov",493.7
"Total wheat grain","Unencumbered stocks","United States","Million bushels","1985/86","Q2 Sep-Nov",2303.1
"Total wheat grain","Total CCC inventory","United States","Million bushels","1985/86","Q2 Sep-Nov",406.7
"Total wheat grain","Beginning stocks","United States","Million bushels","1985/86","Q2 Sep-Nov",3203.5
"Total wheat grain","Beginning stocks","United States","Million bushels","1985/86","Q3 Dec-Feb",2643.4
"Total wheat grain","Total CCC inventory","United States","Million bushels","1985/86","Q3 Dec-Feb",517.1
"Total wheat grain","Unencumbered stocks","United States","Million bushels","1985/86","Q3 Dec-Feb",1391.4
"Total wheat grain","Outstanding CCC loans","United States","Million bushels","1985/86","Q3 Dec-Feb",734.9
"Total wheat grain","Outstanding CCC loans","United States","Million bushels","1985/86","Q4 Mar-May",770.8
"Total wheat grain","Unencumbered stocks","United States","Million bushels","1985/86","Q4 Mar-May",958.7
"Total wheat grain","Total CCC inventory","United States","Million bushels","1985/86","Q4 Mar-May",526.3
"Total wheat grain","Beginning stocks","United States","Million bushels","1985/86","Q4 Mar-May",2255.8
"Total wheat grain","Beginning stocks","United States","Million bushels","1986/87","Q1 Jun-Aug",1904.981
"Total wheat grain","Total CCC inventory","United States","Million bushels","1986/87","Q1 Jun-Aug",601.7
"Total wheat grain","Unencumbered stocks","United States","Million bushels","1986/87","Q1 Jun-Aug",625.581
"Total wheat grain","Outstanding CCC loans","United States","Million bushels","1986/87","Q1 Jun-Aug",677.7
"Total wheat grain","Outstanding CCC loans","United States","Million bushels","1986/87","Q2 Sep-Nov",455.8
"Total wheat grain","Unencumbered stocks","United States","Million bushels","1986/87","Q2 Sep-Nov",1906.905
"Total wheat grain","Total CCC inventory","United States","Million bushels","1986/87","Q2 Sep-Nov",793.8
"Total wheat grain","Beginning stocks","United States","Million bushels","1986/87","Q2 Sep-Nov",3156.505
"Total wheat grain","Beginning stocks","United States","Million bushels","1986/87","Q3 Dec-Feb",2673.49
"Total wheat grain","Total CCC inventory","United States","Million bushels","1986/87","Q3 Dec-Feb",863.9
"Total wheat grain","Unencumbered stocks","United States","Million bushels","1986/87","Q3 Dec-Feb",1281.99
"Total wheat grain","Outstanding CCC loans","United States","Million bushels","1986/87","Q3 Dec-Feb",527.6
"Total wheat grain","Outstanding CCC loans","United States","Million bushels","1986/87","Q4 Mar-May",419.8
"Total wheat grain","Unencumbered stocks","United States","Million bushels","1986/87","Q4 Mar-May",925.33
"Total wheat grain","Total CCC inventory","United States","Million bushels","1986/87","Q4 Mar-May",905.3
"Total wheat grain","Beginning stocks","United States","Million bushels","1986/87","Q4 Mar-May",2250.43
"Total wheat grain","Beginning stocks","United States","Million bushels","1987/88","Q1 Jun-Aug",1820.904
"Total wheat grain","Total CCC inventory","United States","Million bushels","1987/88","Q1 Jun-Aug",830.1
"Total wheat grain","Unencumbered stocks","United States","Million bushels","1987/88","Q1 Jun-Aug",755.204
"Total wheat grain","Outstanding CCC loans","United States","Million bushels","1987/88","Q1 Jun-Aug",235.6
"Total wheat grain","Outstanding CCC loans","United States","Million bushels","1987/88","Q2 Sep-Nov",245.1
"Total wheat grain","Unencumbered stocks","United States","Million bushels","1987/88","Q2 Sep-Nov",1932.562
"Total wheat grain","Total CCC inventory","United States","Million bushels","1987/88","Q2 Sep-Nov",798.8
"Total wheat grain","Beginning stocks","United States","Million bushels","1987/88","Q2 Sep-Nov",2976.462
"Total wheat grain","Beginning stocks","United States","Million bushels","1987/88","Q3 Dec-Feb",2500.568
"Total wheat grain","Total CCC inventory","United States","Million bushels","1987/88","Q3 Dec-Feb",755.4
"Total wheat grain","Unencumbered stocks","United States","Million bushels","1987/88","Q3 Dec-Feb",1362.068
"Total wheat grain","Outstanding CCC loans","United States","Million bushels","1987/88","Q3 Dec-Feb",383.1
"Total wheat grain","Outstanding CCC loans","United States","Million bushels","1987/88","Q4 Mar-May",293.8
"Total wheat grain","Unencumbered stocks","United States","Million bushels","1987/88","Q4 Mar-May",1179.636
"Total wheat grain","Total CCC inventory","United States","Million bushels","1987/88","Q4 Mar-May",450.1
"Total wheat grain","Beginning stocks","United States","Million bushels","1987/88","Q4 Mar-May",1923.536
"Total wheat grain","Beginning stocks","United States","Million bushels","1988/89","Q1 Jun-Aug",1260.844
"Total wheat grain","Total CCC inventory","United States","Million bushels","1988/89","Q1 Jun-Aug",283
"Total wheat grain","Unencumbered stocks","United States","Million bushels","1988/89","Q1 Jun-Aug",800.344
"Total wheat grain","Outstanding CCC loans","United States","Million bushels","1988/89","Q1 Jun-Aug",177.5
"Total wheat grain","Outstanding CCC loans","United States","Million bushels","1988/89","Q2 Sep-Nov",108.1
"Total wheat grain","Unencumbered stocks","United States","Million bushels","1988/89","Q2 Sep-Nov",1895.452
"Total wheat grain","Total CCC inventory","United States","Million bushels","1988/89","Q2 Sep-Nov",250
"Total wheat grain","Beginning stocks","United States","Million bushels","1988/89","Q2 Sep-Nov",2253.552
"Total wheat grain","Beginning stocks","United States","Million bushels","1988/89","Q3 Dec-Feb",1715.902
"Total wheat grain","Total CCC inventory","United States","Million bushels","1988/89","Q3 Dec-Feb",213
"Total wheat grain","Unencumbered stocks","United States","Million bushels","1988/89","Q3 Dec-Feb",1409.802
"Total wheat grain","Outstanding CCC loans","United States","Million bushels","1988/89","Q3 Dec-Feb",93.1
"Total wheat grain","Outstanding CCC loans","United States","Million bushels","1988/89","Q4 Mar-May",46.9
"Total wheat grain","Unencumbered stocks","United States","Million bushels","1988/89","Q4 Mar-May",977.611
"Total wheat grain","Total CCC inventory","United States","Million bushels","1988/89","Q4 Mar-May",203.2
"Total wheat grain","Beginning stocks","United States","Million bushels","1988/89","Q4 Mar-May",1227.711
"Total wheat grain","Beginning stocks","United States","Million bushels","1989/90","Q1 Jun-Aug",701.626
"Total wheat grain","Total CCC inventory","United States","Million bushels","1989/90","Q1 Jun-Aug",190.5
"Total wheat grain","Unencumbered stocks","United States","Million bushels","1989/90","Q1 Jun-Aug",491.926
"Total wheat grain","Outstanding CCC loans","United States","Million bushels","1989/90","Q1 Jun-Aug",19.2
"Total wheat grain","Outstanding CCC loans","United States","Million bushels","1989/90","Q2 Sep-Nov",48.2
"Total wheat grain","Unencumbered stocks","United States","Million bushels","1989/90","Q2 Sep-Nov",1701.946
"Total wheat grain","Total CCC inventory","United States","Million bushels","1989/90","Q2 Sep-Nov",167.9
"Total wheat grain","Beginning stocks","United States","Million bushels","1989/90","Q2 Sep-Nov",1918.046
"Total wheat grain","Beginning stocks","United States","Million bushels","1989/90","Q3 Dec-Feb",1422.49
"Total wheat grain","Total CCC inventory","United States","Million bushels","1989/90","Q3 Dec-Feb",154.5
"Total wheat grain","Unencumbered stocks","United States","Million bushels","1989/90","Q3 Dec-Feb",1187.59
"Total wheat grain","Outstanding CCC loans","United States","Million bushels","1989/90","Q3 Dec-Feb",80.4
"Total wheat grain","Outstanding CCC loans","United States","Million bushels","1989/90","Q4 Mar-May",65.4
"Total wheat grain","Unencumbered stocks","United States","Million bushels","1989/90","Q4 Mar-May",741.209
"Total wheat grain","Total CCC inventory","United States","Million bushels","1989/90","Q4 Mar-May",136.5
"Total wheat grain","Beginning stocks","United States","Million bushels","1989/90","Q4 Mar-May",943.109
"Total wheat grain","Beginning stocks","United States","Million bushels","1990/91","Q1 Jun-Aug",536.455
"Total wheat grain","Total CCC inventory","United States","Million bushels","1990/91","Q1 Jun-Aug",116.6
"Total wheat grain","Unencumbered stocks","United States","Million bushels","1990/91","Q1 Jun-Aug",389.855
"Total wheat grain","Outstanding CCC loans","United States","Million bushels","1990/91","Q1 Jun-Aug",30
"Total wheat grain","Outstanding CCC loans","United States","Million bushels","1990/91","Q2 Sep-Nov",120.3
"Total wheat grain","Unencumbered stocks","United States","Million bushels","1990/91","Q2 Sep-Nov",2186.188
"Total wheat grain","Total CCC inventory","United States","Million bushels","1990/91","Q2 Sep-Nov",104.6
"Total wheat grain","Beginning stocks","United States","Million bushels","1990/91","Q2 Sep-Nov",2411.088
"Total wheat grain","Beginning stocks","United States","Million bushels","1990/91","Q3 Dec-Feb",1909.934
"Total wheat grain","Total CCC inventory","United States","Million bushels","1990/91","Q3 Dec-Feb",129.9
"Total wheat grain","Unencumbered stocks","United States","Million bushels","1990/91","Q3 Dec-Feb",1519.134
"Total wheat grain","Outstanding CCC loans","United States","Million bushels","1990/91","Q3 Dec-Feb",260.9
"Total wheat grain","Outstanding CCC loans","United States","Million bushels","1990/91","Q4 Mar-May",328.6
"Total wheat grain","Unencumbered stocks","United States","Million bushels","1990/91","Q4 Mar-May",916.581
"Total wheat grain","Total CCC inventory","United States","Million bushels","1990/91","Q4 Mar-May",152.5
"Total wheat grain","Beginning stocks","United States","Million bushels","1990/91","Q4 Mar-May",1397.681
"Total wheat grain","Beginning stocks","United States","Million bushels","1991/92","Q1 Jun-Aug",868.134
"Total wheat grain","Total CCC inventory","United States","Million bushels","1991/92","Q1 Jun-Aug",162.7
"Total wheat grain","Unencumbered stocks","United States","Million bushels","1991/92","Q1 Jun-Aug",488.634
"Total wheat grain","Outstanding CCC loans","United States","Million bushels","1991/92","Q1 Jun-Aug",216.8
"Total wheat grain","Outstanding CCC loans","United States","Million bushels","1991/92","Q2 Sep-Nov",149.1
"Total wheat grain","Unencumbered stocks","United States","Million bushels","1991/92","Q2 Sep-Nov",1742.836
"Total wheat grain","Total CCC inventory","United States","Million bushels","1991/92","Q2 Sep-Nov",162.8
"Total wheat grain","Beginning stocks","United States","Million bushels","1991/92","Q2 Sep-Nov",2054.736
"Total wheat grain","Beginning stocks","United States","Million bushels","1991/92","Q3 Dec-Feb",1447.8
"Total wheat grain","Total CCC inventory","United States","Million bushels","1991/92","Q3 Dec-Feb",160.7
"Total wheat grain","Unencumbered stocks","United States","Million bushels","1991/92","Q3 Dec-Feb",1181.8
"Total wheat grain","Outstanding CCC loans","United States","Million bushels","1991/92","Q3 Dec-Feb",105.3
"Total wheat grain","Outstanding CCC loans","United States","Million bushels","1991/92","Q4 Mar-May",47.3
"Total wheat grain","Unencumbered stocks","United States","Million bushels","1991/92","Q4 Mar-May",687.775
"Total wheat grain","Total CCC inventory","United States","Million bushels","1991/92","Q4 Mar-May",156.9
"Total wheat grain","Beginning stocks","United States","Million bushels","1991/92","Q4 Mar-May",891.975
"Total wheat grain","Beginning stocks","United States","Million bushels","1992/93","Q1 Jun-Aug",475.021
"Total wheat grain","Total CCC inventory","United States","Million bushels","1992/93","Q1 Jun-Aug",152
"Total wheat grain","Unencumbered stocks","United States","Million bushels","1992/93","Q1 Jun-Aug",303.221
"Total wheat grain","Outstanding CCC loans","United States","Million bushels","1992/93","Q1 Jun-Aug",19.8
"Total wheat grain","Outstanding CCC loans","United States","Million bushels","1992/93","Q2 Sep-Nov",76.8
"Total wheat grain","Unencumbered stocks","United States","Million bushels","1992/93","Q2 Sep-Nov",1892.165
"Total wheat grain","Total CCC inventory","United States","Million bushels","1992/93","Q2 Sep-Nov",151.6
"Total wheat grain","Beginning stocks","United States","Million bushels","1992/93","Q2 Sep-Nov",2120.565
"Total wheat grain","Beginning stocks","United States","Million bushels","1992/93","Q3 Dec-Feb",1591.735
"Total wheat grain","Total CCC inventory","United States","Million bushels","1992/93","Q3 Dec-Feb",151.1
"Total wheat grain","Unencumbered stocks","United States","Million bushels","1992/93","Q3 Dec-Feb",1259.435
"Total wheat grain","Outstanding CCC loans","United States","Million bushels","1992/93","Q3 Dec-Feb",181.2
"Total wheat grain","Outstanding CCC loans","United States","Million bushels","1992/93","Q4 Mar-May",120.4
"Total wheat grain","Unencumbered stocks","United States","Million bushels","1992/93","Q4 Mar-May",777.491
"Total wheat grain","Total CCC inventory","United States","Million bushels","1992/93","Q4 Mar-May",150.4
"Total wheat grain","Beginning stocks","United States","Million bushels","1992/93","Q4 Mar-May",1048.291
"Total wheat grain","Beginning stocks","United States","Million bushels","1993/94","Q1 Jun-Aug",530.652
"Total wheat grain","Total CCC inventory","United States","Million bushels","1993/94","Q1 Jun-Aug",150
"Total wheat grain","Unencumbered stocks","United States","Million bushels","1993/94","Q1 Jun-Aug",333.352
"Total wheat grain","Outstanding CCC loans","United States","Million bushels","1993/94","Q1 Jun-Aug",47.3
"Total wheat grain","Outstanding CCC loans","United States","Million bushels","1993/94","Q2 Sep-Nov",103.3
"Total wheat grain","Unencumbered stocks","United States","Million bushels","1993/94","Q2 Sep-Nov",1879.407
"Total wheat grain","Total CCC inventory","United States","Million bushels","1993/94","Q2 Sep-Nov",149.9
"Total wheat grain","Beginning stocks","United States","Million bushels","1993/94","Q2 Sep-Nov",2132.607
"Total wheat grain","Beginning stocks","United States","Million bushels","1993/94","Q3 Dec-Feb",1585.734
"Total wheat grain","Total CCC inventory","United States","Million bushels","1993/94","Q3 Dec-Feb",150.3
"Total wheat grain","Unencumbered stocks","United States","Million bushels","1993/94","Q3 Dec-Feb",1242.934
"Total wheat grain","Outstanding CCC loans","United States","Million bushels","1993/94","Q3 Dec-Feb",192.5
"Total wheat grain","Outstanding CCC loans","United States","Million bushels","1993/94","Q4 Mar-May",120.9
"Total wheat grain","Unencumbered stocks","United States","Million bushels","1993/94","Q4 Mar-May",756.687
"Total wheat grain","Total CCC inventory","United States","Million bushels","1993/94","Q4 Mar-May",150.4
"Total wheat grain","Beginning stocks","United States","Million bushels","1993/94","Q4 Mar-May",1027.987
"Total wheat grain","Beginning stocks","United States","Million bushels","1994/95","Q1 Jun-Aug",568.484
"Total wheat grain","Total CCC inventory","United States","Million bushels","1994/95","Q1 Jun-Aug",150.3
"Total wheat grain","Unencumbered stocks","United States","Million bushels","1994/95","Q1 Jun-Aug",350.984
"Total wheat grain","Outstanding CCC loans","United States","Million bushels","1994/95","Q1 Jun-Aug",67.2
"Total wheat grain","Outstanding CCC loans","United States","Million bushels","1994/95","Q2 Sep-Nov",147.8
"Total wheat grain","Unencumbered stocks","United States","Million bushels","1994/95","Q2 Sep-Nov",1775.294
"Total wheat grain","Total CCC inventory","United States","Million bushels","1994/95","Q2 Sep-Nov",146.4
"Total wheat grain","Beginning stocks","United States","Million bushels","1994/95","Q2 Sep-Nov",2069.494
"Total wheat grain","Beginning stocks","United States","Million bushels","1994/95","Q3 Dec-Feb",1491.104
"Total wheat grain","Total CCC inventory","United States","Million bushels","1994/95","Q3 Dec-Feb",142.8
"Total wheat grain","Unencumbered stocks","United States","Million bushels","1994/95","Q3 Dec-Feb",1193.004
"Total wheat grain","Outstanding CCC loans","United States","Million bushels","1994/95","Q3 Dec-Feb",155.3
"Total wheat grain","Outstanding CCC loans","United States","Million bushels","1994/95","Q4 Mar-May",110.7
"Total wheat grain","Unencumbered stocks","United States","Million bushels","1994/95","Q4 Mar-May",716.199
"Total wheat grain","Total CCC inventory","United States","Million bushels","1994/95","Q4 Mar-May",142.3
"Total wheat grain","Beginning stocks","United States","Million bushels","1994/95","Q4 Mar-May",969.199
"Total wheat grain","Beginning stocks","United States","Million bushels","1995/96","Q1 Jun-Aug",506.585
"Total wheat grain","Total CCC inventory","United States","Million bushels","1995/96","Q1 Jun-Aug",142.1
"Total wheat grain","Unencumbered stocks","United States","Million bushels","1995/96","Q1 Jun-Aug",300.785
"Total wheat grain","Outstanding CCC loans","United States","Million bushels","1995/96","Q1 Jun-Aug",63.7
"Total wheat grain","Outstanding CCC loans","United States","Million bushels","1995/96","Q2 Sep-Nov",56.7
"Total wheat grain","Unencumbered stocks","United States","Million bushels","1995/96","Q2 Sep-Nov",1682.899
"Total wheat grain","Total CCC inventory","United States","Million bushels","1995/96","Q2 Sep-Nov",141.5
"Total wheat grain","Beginning stocks","United States","Million bushels","1995/96","Q2 Sep-Nov",1881.099
"Total wheat grain","Beginning stocks","United States","Million bushels","1995/96","Q3 Dec-Feb",1338.267
"Total wheat grain","Total CCC inventory","United States","Million bushels","1995/96","Q3 Dec-Feb",141.2
"Total wheat grain","Unencumbered stocks","United States","Million bushels","1995/96","Q3 Dec-Feb",1110.667
"Total wheat grain","Outstanding CCC loans","United States","Million bushels","1995/96","Q3 Dec-Feb",86.4
"Total wheat grain","Outstanding CCC loans","United States","Million bushels","1995/96","Q4 Mar-May",42.6
"Total wheat grain","Unencumbered stocks","United States","Million bushels","1995/96","Q4 Mar-May",643.364
"Total wheat grain","Total CCC inventory","United States","Million bushels","1995/96","Q4 Mar-May",137.5
"Total wheat grain","Beginning stocks","United States","Million bushels","1995/96","Q4 Mar-May",823.464
"Total wheat grain","Beginning stocks","United States","Million bushels","1996/97","Q1 Jun-Aug",376.02
"Total wheat grain","Total CCC inventory","United States","Million bushels","1996/97","Q1 Jun-Aug",118.2
"Total wheat grain","Unencumbered stocks","United States","Million bushels","1996/97","Q1 Jun-Aug",244.82
"Total wheat grain","Outstanding CCC loans","United States","Million bushels","1996/97","Q1 Jun-Aug",13
"Total wheat grain","Outstanding CCC loans","United States","Million bushels","1996/97","Q2 Sep-Nov",42
"Total wheat grain","Unencumbered stocks","United States","Million bushels","1996/97","Q2 Sep-Nov",1572.696
"Total wheat grain","Total CCC inventory","United States","Million bushels","1996/97","Q2 Sep-Nov",109.5
"Total wheat grain","Beginning stocks","United States","Million bushels","1996/97","Q2 Sep-Nov",1724.196
"Total wheat grain","Beginning stocks","United States","Million bushels","1996/97","Q3 Dec-Feb",1218.81
"Total wheat grain","Total CCC inventory","United States","Million bushels","1996/97","Q3 Dec-Feb",96.1
"Total wheat grain","Unencumbered stocks","United States","Million bushels","1996/97","Q3 Dec-Feb",991.51
"Total wheat grain","Outstanding CCC loans","United States","Million bushels","1996/97","Q3 Dec-Feb",131.2
"Total wheat grain","Outstanding CCC loans","United States","Million bushels","1996/97","Q4 Mar-May",130.3
"Total wheat grain","Unencumbered stocks","United States","Million bushels","1996/97","Q4 Mar-May",596.219
"Total wheat grain","Total CCC inventory","United States","Million bushels","1996/97","Q4 Mar-May",95.3
"Total wheat grain","Beginning stocks","United States","Million bushels","1996/97","Q4 Mar-May",821.819
"Total wheat grain","Beginning stocks","United States","Million bushels","1997/98","Q1 Jun-Aug",443.607
"Total wheat grain","Total CCC inventory","United States","Million bushels","1997/98","Q1 Jun-Aug",93
"Total wheat grain","Unencumbered stocks","United States","Million bushels","1997/98","Q1 Jun-Aug",278.407
"Total wheat grain","Outstanding CCC loans","United States","Million bushels","1997/98","Q1 Jun-Aug",72.2
"Total wheat grain","Outstanding CCC loans","United States","Million bushels","1997/98","Q2 Sep-Nov",101
"Total wheat grain","Unencumbered stocks","United States","Million bushels","1997/98","Q2 Sep-Nov",1882.148
"Total wheat grain","Total CCC inventory","United States","Million bushels","1997/98","Q2 Sep-Nov",93.2
"Total wheat grain","Beginning stocks","United States","Million bushels","1997/98","Q2 Sep-Nov",2076.348
"Total wheat grain","Beginning stocks","United States","Million bushels","1997/98","Q3 Dec-Feb",1619.242
"Total wheat grain","Total CCC inventory","United States","Million bushels","1997/98","Q3 Dec-Feb",93.1
"Total wheat grain","Unencumbered stocks","United States","Million bushels","1997/98","Q3 Dec-Feb",1357.042
"Total wheat grain","Outstanding CCC loans","United States","Million bushels","1997/98","Q3 Dec-Feb",169.1
"Total wheat grain","Outstanding CCC loans","United States","Million bushels","1997/98","Q4 Mar-May",191.3
"Total wheat grain","Unencumbered stocks","United States","Million bushels","1997/98","Q4 Mar-May",882.264
"Total wheat grain","Total CCC inventory","United States","Million bushels","1997/98","Q4 Mar-May",93
"Total wheat grain","Beginning stocks","United States","Million bushels","1997/98","Q4 Mar-May",1166.564
"Total wheat grain","Beginning stocks","United States","Million bushels","1998/99","Q1 Jun-Aug",722.478
"Total wheat grain","Total CCC inventory","United States","Million bushels","1998/99","Q1 Jun-Aug",94.2
"Total wheat grain","Unencumbered stocks","United States","Million bushels","1998/99","Q1 Jun-Aug",494.378
"Total wheat grain","Outstanding CCC loans","United States","Million bushels","1998/99","Q1 Jun-Aug",133.9
"Total wheat grain","Outstanding CCC loans","United States","Million bushels","1998/99","Q2 Sep-Nov",236.4
"Total wheat grain","Unencumbered stocks","United States","Million bushels","1998/99","Q2 Sep-Nov",2049.115
"Total wheat grain","Total CCC inventory","United States","Million bushels","1998/99","Q2 Sep-Nov",99.8
"Total wheat grain","Beginning stocks","United States","Million bushels","1998/99","Q2 Sep-Nov",2385.315
"Total wheat grain","Beginning stocks","United States","Million bushels","1998/99","Q3 Dec-Feb",1895.681
"Total wheat grain","Total CCC inventory","United States","Million bushels","1998/99","Q3 Dec-Feb",126.6
"Total wheat grain","Unencumbered stocks","United States","Million bushels","1998/99","Q3 Dec-Feb",1522.981
"Total wheat grain","Outstanding CCC loans","United States","Million bushels","1998/99","Q3 Dec-Feb",246.1
"Total wheat grain","Outstanding CCC loans","United States","Million bushels","1998/99","Q4 Mar-May",242.2
"Total wheat grain","Unencumbered stocks","United States","Million bushels","1998/99","Q4 Mar-May",1084.011
"Total wheat grain","Total CCC inventory","United States","Million bushels","1998/99","Q4 Mar-May",124.2
"Total wheat grain","Beginning stocks","United States","Million bushels","1998/99","Q4 Mar-May",1450.411
"Total wheat grain","Beginning stocks","United States","Million bushels","1999/00","Q1 Jun-Aug",945.918
"Total wheat grain","Total CCC inventory","United States","Million bushels","1999/00","Q1 Jun-Aug",127.9
"Total wheat grain","Unencumbered stocks","United States","Million bushels","1999/00","Q1 Jun-Aug",678.018
"Total wheat grain","Outstanding CCC loans","United States","Million bushels","1999/00","Q1 Jun-Aug",140
"Total wheat grain","Outstanding CCC loans","United States","Million bushels","1999/00","Q2 Sep-Nov",101.4
"Total wheat grain","Unencumbered stocks","United States","Million bushels","1999/00","Q2 Sep-Nov",2211.443
"Total wheat grain","Total CCC inventory","United States","Million bushels","1999/00","Q2 Sep-Nov",132.2
"Total wheat grain","Beginning stocks","United States","Million bushels","1999/00","Q2 Sep-Nov",2445.043
"Total wheat grain","Beginning stocks","United States","Million bushels","1999/00","Q3 Dec-Feb",1883.744
"Total wheat grain","Total CCC inventory","United States","Million bushels","1999/00","Q3 Dec-Feb",115
"Total wheat grain","Unencumbered stocks","United States","Million bushels","1999/00","Q3 Dec-Feb",1651.344
"Total wheat grain","Outstanding CCC loans","United States","Million bushels","1999/00","Q3 Dec-Feb",117.4
"Total wheat grain","Outstanding CCC loans","United States","Million bushels","1999/00","Q4 Mar-May",105
"Total wheat grain","Unencumbered stocks","United States","Million bushels","1999/00","Q4 Mar-May",1202.821
"Total wheat grain","Total CCC inventory","United States","Million bushels","1999/00","Q4 Mar-May",108.7
"Total wheat grain","Beginning stocks","United States","Million bushels","1999/00","Q4 Mar-May",1416.521
"Total wheat grain","Beginning stocks","United States","Million bushels","2000/01","Q1 Jun-Aug",949.748
"Total wheat grain","Total CCC inventory","United States","Million bushels","2000/01","Q1 Jun-Aug",103.9
"Total wheat grain","Unencumbered stocks","United States","Million bushels","2000/01","Q1 Jun-Aug",783.848
"Total wheat grain","Outstanding CCC loans","United States","Million bushels","2000/01","Q1 Jun-Aug",62
"Total wheat grain","Outstanding CCC loans","United States","Million bushels","2000/01","Q2 Sep-Nov",117.6
"Total wheat grain","Unencumbered stocks","United States","Million bushels","2000/01","Q2 Sep-Nov",2126.17
"Total wheat grain","Total CCC inventory","United States","Million bushels","2000/01","Q2 Sep-Nov",108.9
"Total wheat grain","Beginning stocks","United States","Million bushels","2000/01","Q2 Sep-Nov",2352.67
"Total wheat grain","Beginning stocks","United States","Million bushels","2000/01","Q3 Dec-Feb",1806.125
"Total wheat grain","Total CCC inventory","United States","Million bushels","2000/01","Q3 Dec-Feb",102.9
"Total wheat grain","Unencumbered stocks","United States","Million bushels","2000/01","Q3 Dec-Feb",1605.825
"Total wheat grain","Outstanding CCC loans","United States","Million bushels","2000/01","Q3 Dec-Feb",97.4
"Total wheat grain","Outstanding CCC loans","United States","Million bushels","2000/01","Q4 Mar-May",77.9
"Total wheat grain","Unencumbered stocks","United States","Million bushels","2000/01","Q4 Mar-May",1156.098
"Total wheat grain","Total CCC inventory","United States","Million bushels","2000/01","Q4 Mar-May",104.4
"Total wheat grain","Beginning stocks","United States","Million bushels","2000/01","Q4 Mar-May",1338.398
"Total wheat grain","Beginning stocks","United States","Million bushels","2001/02","Q1 Jun-Aug",876.182
"Total wheat grain","Total CCC inventory","United States","Million bushels","2001/02","Q1 Jun-Aug",96.9
"Total wheat grain","Unencumbered stocks","United States","Million bushels","2001/02","Q1 Jun-Aug",737.082
"Total wheat grain","Outstanding CCC loans","United States","Million bushels","2001/02","Q1 Jun-Aug",42.2
"Total wheat grain","Outstanding CCC loans","United States","Million bushels","2001/02","Q2 Sep-Nov",109.8
"Total wheat grain","Unencumbered stocks","United States","Million bushels","2001/02","Q2 Sep-Nov",1948.314
"Total wheat grain","Total CCC inventory","United States","Million bushels","2001/02","Q2 Sep-Nov",97.7
"Total wheat grain","Beginning stocks","United States","Million bushels","2001/02","Q2 Sep-Nov",2155.814
"Total wheat grain","Beginning stocks","United States","Million bushels","2001/02","Q3 Dec-Feb",1623.455
"Total wheat grain","Total CCC inventory","United States","Million bushels","2001/02","Q3 Dec-Feb",96.9
"Total wheat grain","Unencumbered stocks","United States","Million bushels","2001/02","Q3 Dec-Feb",1397.955
"Total wheat grain","Outstanding CCC loans","United States","Million bushels","2001/02","Q3 Dec-Feb",128.6
"Total wheat grain","Outstanding CCC loans","United States","Million bushels","2001/02","Q4 Mar-May",125.3
"Total wheat grain","Unencumbered stocks","United States","Million bushels","2001/02","Q4 Mar-May",987.968
"Total wheat grain","Total CCC inventory","United States","Million bushels","2001/02","Q4 Mar-May",96.5
"Total wheat grain","Beginning stocks","United States","Million bushels","2001/02","Q4 Mar-May",1209.768
"Total wheat grain","Beginning stocks","United States","Million bushels","2002/03","Q1 Jun-Aug",777.112
"Total wheat grain","Total CCC inventory","United States","Million bushels","2002/03","Q1 Jun-Aug",99
"Total wheat grain","Unencumbered stocks","United States","Million bushels","2002/03","Q1 Jun-Aug",600.612
"Total wheat grain","Outstanding CCC loans","United States","Million bushels","2002/03","Q1 Jun-Aug",77.5
"Total wheat grain","Outstanding CCC loans","United States","Million bushels","2002/03","Q2 Sep-Nov",59.7
"Total wheat grain","Unencumbered stocks","United States","Million bushels","2002/03","Q2 Sep-Nov",1597.887
"Total wheat grain","Total CCC inventory","United States","Million bushels","2002/03","Q2 Sep-Nov",91.4
"Total wheat grain","Beginning stocks","United States","Million bushels","2002/03","Q2 Sep-Nov",1748.987
"Total wheat grain","Beginning stocks","United States","Million bushels","2002/03","Q3 Dec-Feb",1319.869
"Total wheat grain","Total CCC inventory","United States","Million bushels","2002/03","Q3 Dec-Feb",80.9
"Total wheat grain","Unencumbered stocks","United States","Million bushels","2002/03","Q3 Dec-Feb",1176.269
"Total wheat grain","Outstanding CCC loans","United States","Million bushels","2002/03","Q3 Dec-Feb",62.7
"Total wheat grain","Outstanding CCC loans","United States","Million bushels","2002/03","Q4 Mar-May",64.5
"Total wheat grain","Unencumbered stocks","United States","Million bushels","2002/03","Q4 Mar-May",768.033
"Total wheat grain","Total CCC inventory","United States","Million bushels","2002/03","Q4 Mar-May",74.1
"Total wheat grain","Beginning stocks","United States","Million bushels","2002/03","Q4 Mar-May",906.633
"Total wheat grain","Beginning stocks","United States","Million bushels","2003/04","Q1 Jun-Aug",491.416
"Total wheat grain","Total CCC inventory","United States","Million bushels","2003/04","Q1 Jun-Aug",66.4
"Total wheat grain","Unencumbered stocks","United States","Million bushels","2003/04","Q1 Jun-Aug",369.816
"Total wheat grain","Outstanding CCC loans","United States","Million bushels","2003/04","Q1 Jun-Aug",55.2
"Total wheat grain","Outstanding CCC loans","United States","Million bushels","2003/04","Q2 Sep-Nov",110.2
"Total wheat grain","Unencumbered stocks","United States","Million bushels","2003/04","Q2 Sep-Nov",1868.472
"Total wheat grain","Total CCC inventory","United States","Million bushels","2003/04","Q2 Sep-Nov",60.3
"Total wheat grain","Beginning stocks","United States","Million bushels","2003/04","Q2 Sep-Nov",2038.972
"Total wheat grain","Beginning stocks","United States","Million bushels","2003/04","Q3 Dec-Feb",1520.284
"Total wheat grain","Total CCC inventory","United States","Million bushels","2003/04","Q3 Dec-Feb",60.4
"Total wheat grain","Unencumbered stocks","United States","Million bushels","2003/04","Q3 Dec-Feb",1334.784
"Total wheat grain","Outstanding CCC loans","United States","Million bushels","2003/04","Q3 Dec-Feb",125.1
"Total wheat grain","Outstanding CCC loans","United States","Million bushels","2003/04","Q4 Mar-May",89.4
"Total wheat grain","Unencumbered stocks","United States","Million bushels","2003/04","Q4 Mar-May",871.217
"Total wheat grain","Total CCC inventory","United States","Million bushels","2003/04","Q4 Mar-May",60
"Total wheat grain","Beginning stocks","United States","Million bushels","2003/04","Q4 Mar-May",1020.617
"Total wheat grain","Beginning stocks","United States","Million bushels","2004/05","Q1 Jun-Aug",546.439
"Total wheat grain","Total CCC inventory","United States","Million bushels","2004/05","Q1 Jun-Aug",60.9
"Total wheat grain","Unencumbered stocks","United States","Million bushels","2004/05","Q1 Jun-Aug",448.939
"Total wheat grain","Outstanding CCC loans","United States","Million bushels","2004/05","Q1 Jun-Aug",36.6
"Total wheat grain","Outstanding CCC loans","United States","Million bushels","2004/05","Q2 Sep-Nov",85.9
"Total wheat grain","Unencumbered stocks","United States","Million bushels","2004/05","Q2 Sep-Nov",1790.607
"Total wheat grain","Total CCC inventory","United States","Million bushels","2004/05","Q2 Sep-Nov",61.9
"Total wheat grain","Beginning stocks","United States","Million bushels","2004/05","Q2 Sep-Nov",1938.407
"Total wheat grain","Beginning stocks","United States","Million bushels","2004/05","Q3 Dec-Feb",1430.326
"Total wheat grain","Total CCC inventory","United States","Million bushels","2004/05","Q3 Dec-Feb",61.7
"Total wheat grain","Unencumbered stocks","United States","Million bushels","2004/05","Q3 Dec-Feb",1250.726
"Total wheat grain","Outstanding CCC loans","United States","Million bushels","2004/05","Q3 Dec-Feb",117.9
"Total wheat grain","Outstanding CCC loans","United States","Million bushels","2004/05","Q4 Mar-May",99.8
"Total wheat grain","Unencumbered stocks","United States","Million bushels","2004/05","Q4 Mar-May",828.691
"Total wheat grain","Total CCC inventory","United States","Million bushels","2004/05","Q4 Mar-May",55.9
"Total wheat grain","Beginning stocks","United States","Million bushels","2004/05","Q4 Mar-May",984.391
"Total wheat grain","Beginning stocks","United States","Million bushels","2005/06","Q1 Jun-Aug",540.1
"Total wheat grain","Total CCC inventory","United States","Million bushels","2005/06","Q1 Jun-Aug",54.5
"Total wheat grain","Unencumbered stocks","United States","Million bushels","2005/06","Q1 Jun-Aug",427.4
"Total wheat grain","Outstanding CCC loans","United States","Million bushels","2005/06","Q1 Jun-Aug",58.2
"Total wheat grain","Outstanding CCC loans","United States","Million bushels","2005/06","Q2 Sep-Nov",90.4
"Total wheat grain","Unencumbered stocks","United States","Million bushels","2005/06","Q2 Sep-Nov",1784.591
"Total wheat grain","Total CCC inventory","United States","Million bushels","2005/06","Q2 Sep-Nov",48.3
"Total wheat grain","Beginning stocks","United States","Million bushels","2005/06","Q2 Sep-Nov",1923.291
"Total wheat grain","Beginning stocks","United States","Million bushels","2005/06","Q3 Dec-Feb",1429.424
"Total wheat grain","Total CCC inventory","United States","Million bushels","2005/06","Q3 Dec-Feb",44.1
"Total wheat grain","Unencumbered stocks","United States","Million bushels","2005/06","Q3 Dec-Feb",1265.324
"Total wheat grain","Outstanding CCC loans","United States","Million bushels","2005/06","Q3 Dec-Feb",120
