Task Name,Category,Priority,Status,Source File,Description
Test rail car tracker with real data,BioTrack Rail Monitoring,High,Not Started,biotrack/,Validate BioTrack AI system with actual rail car data instead of simulation mode
Satellite Integration (Sentinel-2),BioTrack Rail Monitoring,Medium,Planned Phase 2,biotrack/,Add satellite imagery for facility inventory monitoring
IoT Sensor Integration,BioTrack Rail Monitoring,Medium,Planned Phase 2,biotrack/,Add vibration/acoustic sensors for train detection
Multi-camera Fusion,BioTrack Rail Monitoring,Medium,Planned Phase 2,biotrack/,Track trains across multiple camera locations
Predictive Volume Models,BioTrack Rail Monitoring,Low,Planned Phase 3,biotrack/,Forecast rail volumes based on historical patterns
Anomaly Detection,BioTrack Rail Monitoring,Low,Planned Phase 3,biotrack/,Detect unusual traffic patterns automatically
Build USDA WASDE Collector,Data Collectors - Critical,Critical,Missing,docs/DATA_SOURCE_REGISTRY.md,Monthly supply/demand balance data - key for HB reports
Build NOPA US Soy Crush Collector,Data Collectors - Critical,Critical,Missing,docs/DATA_SOURCE_REGISTRY.md,Monthly soybean crush data - critical gap
Build CME Futures Prices Collector,Data Collectors - Critical,High,Missing,docs/DATA_SOURCE_REGISTRY.md,Daily settlement price data for futures
Build UN Comtrade Collector,Data Collectors - Critical,High,Missing,docs/DATA_SOURCE_REGISTRY.md,Global trade statistics
Build USDA ERS Wheat Yearbook Collector,Data Collectors - Regional,Medium,Missing,docs/DATA_SOURCE_REGISTRY.md,Annual wheat data
Build Eurostat EU Ag Data Collector,Data Collectors - Regional,Medium,Missing,docs/DATA_SOURCE_REGISTRY.md,EU agricultural statistics
Build Russia SovEcon Collector,Data Collectors - Regional,Medium,Missing,docs/DATA_SOURCE_REGISTRY.md,Russian grain/oilseed data
Build China GACC Imports Collector,Data Collectors - Regional,Medium,Missing,docs/DATA_SOURCE_REGISTRY.md,Chinese import statistics
Build Australia ABARES Collector,Data Collectors - Regional,Medium,Missing,docs/DATA_SOURCE_REGISTRY.md,Australian agricultural data
Build EU MARS Bulletin Collector,Data Collectors - Regional,Medium,Missing,docs/DATA_SOURCE_REGISTRY.md,EU crop condition reports
Build Ukraine Ministry Ag Collector,Data Collectors - Regional,Low,Missing,docs/DATA_SOURCE_REGISTRY.md,Ukrainian agricultural statistics
Build Argentina Rosario Exchange Collector,Data Collectors - Regional,Low,Missing,docs/DATA_SOURCE_REGISTRY.md,Argentine commodity prices
Build Indonesia GAPKI Collector,Data Collectors - Regional,Low,Missing,docs/DATA_SOURCE_REGISTRY.md,Palm oil industry data
Implement Master Scheduler,Agent Architecture,High,Not Implemented,docs/ARCHITECTURE_PLAN.md,Automated data collection based on publication schedules
Implement Analyst Agent,Agent Architecture,High,Not Implemented,docs/ARCHITECTURE_PLAN.md,Central orchestrator for analysis workflows
Implement Data Checker Agent,Agent Architecture,High,Not Implemented,docs/ARCHITECTURE_PLAN.md,Validate source data against database
Build Tool Registry,Agent Architecture,High,Not Implemented,docs/ARCHITECTURE_PLAN.md,Modular tool system for agent access
Implement Trade Flow Analysis Agent,Agent Architecture,Medium,Not Implemented,docs/ARCHITECTURE_PLAN.md,Analyze trade flow patterns
Implement Price Analysis Agent,Agent Architecture,Medium,Not Implemented,docs/ARCHITECTURE_PLAN.md,Price trend and spread analysis
Implement Reporting Team Agents,Agent Architecture,Medium,Not Implemented,docs/ARCHITECTURE_PLAN.md,Automated report generation team
Integrate USDA WASDE into HB Report,Runbooks/Automation,High,Documented Only,docs/HB_REPORT_AUTOMATION_GUIDE.md,Connect WASDE data to weekly report pipeline
Integrate USDA Export Sales into HB Report,Runbooks/Automation,High,Documented Only,docs/HB_REPORT_AUTOMATION_GUIDE.md,Connect export sales to report pipeline
Integrate USDA Crop Progress into HB Report,Runbooks/Automation,Medium,Documented Only,docs/HB_REPORT_AUTOMATION_GUIDE.md,Connect crop progress to report pipeline
Integrate NOPA Crush Data into HB Report,Runbooks/Automation,High,Documented Only,docs/HB_REPORT_AUTOMATION_GUIDE.md,Connect crush data to report pipeline
Integrate CME Futures Prices into HB Report,Runbooks/Automation,High,Documented Only,docs/HB_REPORT_AUTOMATION_GUIDE.md,Connect futures prices to report pipeline
Integrate CFTC COT Reports into HB Report,Runbooks/Automation,Medium,Documented Only,docs/HB_REPORT_AUTOMATION_GUIDE.md,Connect trader positioning data to reports
Connect Notion memory integration,System Integration,High,In Progress,docs/CONSOLIDATION_PLAN.md,Link Notion to agent memory system
Connect 25 data collectors to tool registry,System Integration,High,Not Started,docs/CONSOLIDATION_PLAN.md,Make all collectors accessible via unified interface
Add report generation tools,System Integration,Medium,Not Started,docs/CONSOLIDATION_PLAN.md,Expose report generation as agent tools
Add trading/analysis tools,System Integration,Medium,Not Started,docs/CONSOLIDATION_PLAN.md,Expose analysis capabilities as tools
Expand tools from 17 to ~50,System Integration,Medium,Not Started,docs/CONSOLIDATION_PLAN.md,Build out full tool suite
Clean up 100+ duplicate files,System Integration,Low,Not Started,docs/CONSOLIDATION_PLAN.md,Remove redundant files in Other Files directory
Integrate rlc_master_agent with commodity_pipeline,System Integration,High,Not Started,docs/CONSOLIDATION_PLAN.md,Connect 5500 LOC master agent to 42407 LOC pipeline
Implement forecast bias analysis,Forecast Tracker,Medium,Documented Only,deployment/forecast_tracker.py,Analyze prediction accuracy and bias
Implement automated improvement suggestions,Forecast Tracker,Medium,Not Implemented,deployment/forecast_tracker.py,Auto-suggest forecast improvements
Implement PowerBI integration,Forecast Tracker,Medium,Not Implemented,deployment/forecast_tracker.py,Export forecast data to PowerBI
Implement website display integration,Forecast Tracker,Low,Not Implemented,deployment/forecast_tracker.py,Show forecasts on web interface
Create archive/ directory,File Organization,Medium,Not Started,docs/FILE_ORGANIZATION_PLAN.md,Organize old/debug files
Move debug scripts to archive,File Organization,Medium,Not Started,docs/FILE_ORGANIZATION_PLAN.md,Clean up root directory
Rotate API keys in .env,File Organization,Critical,URGENT,docs/FILE_ORGANIZATION_PLAN.md,SECURITY: Old keys exposed in api Manager folder
Configure Dropbox selective sync,File Organization,Low,Not Started,docs/FILE_ORGANIZATION_PLAN.md,Reduce sync overhead
Remove duplicate files,File Organization,Medium,Not Started,docs/FILE_ORGANIZATION_PLAN.md,Clean up redundant copies
Load config from file,Main Application,High,Not Implemented,src/main.py:94,TODO: Load from config file
Implement data collection pipeline,Main Application,High,Not Implemented,src/main.py:134,TODO: Implement actual collection using collectors
Implement market analysis,Main Application,High,Not Implemented,src/main.py:178,TODO: Implement using analysis agents
Implement price forecasting,Main Application,High,Not Implemented,src/main.py:204,TODO: Implement using price_forecaster
Implement HB report orchestrator,Main Application,High,Not Implemented,src/main.py:235,TODO: Use HB report orchestrator
Implement reporting agents,Main Application,Medium,Not Implemented,src/main.py:255,TODO: Implement using reporting agents
Implement publishing agents,Main Application,Medium,Not Implemented,src/main.py:288,TODO: Implement using publishing agents
Implement RAG query system,Main Application,High,Not Implemented,src/main.py:318,TODO: Implement using master agent with RAG
Implement REPL interface,Main Application,Low,Not Implemented,src/main.py:404,TODO: Implement REPL
