page_id	Name	Model	Spreadsheet/File	Sheet/Tab	Setup step	Status	Notes	Spreadsheet link
350ead02-3dee-810a-ba9e-f894d9bab043	Malaysia Palm Margins	Global Oilseed Crush Margins			Template	Not started	Margin model	
350ead02-3dee-81d6-83a1-f8defa69318d	China Crush Margins (Domestic + Import)	Global Oilseed Crush Margins			Not Started	Not started	Margin model	
350ead02-3dee-8177-a38e-d9fa139a4e58	US Crush Margins	Global Oilseed Crush Margins			Not Started	Not started	Margin model	
350ead02-3dee-81c0-a7ae-dab08e392fb5	Brazil Crush Margins	Global Oilseed Crush Margins			Not Started	Not started	Margin model	
350ead02-3dee-8162-b23f-f26a3b0c0664	Biodiesel - EU - Balance	Biodiesel/Renewable Diesel			Not Started	Not started	TBD	
350ead02-3dee-8126-b2fa-ed5b8ee5fe32	Biodiesel - Brazil - Balance	Biodiesel/Renewable Diesel			Not Started	Not started	TBD	
350ead02-3dee-8183-9ea0-e7333763d07a	Biodiesel - United States - Trade	Biodiesel/Renewable Diesel			Template	Not started		
350ead02-3dee-81b2-bcc9-c1b9fe87e704	Biodiesel - United States - Balance	Biodiesel/Renewable Diesel			Template	Not started		
350ead02-3dee-8180-999b-d16474ad914d	Biodiesel - World - Trade	Biodiesel/Renewable Diesel			Not Started	Not started		
350ead02-3dee-81ab-b13e-e9600ac22774	Biodiesel - World - Balance	Biodiesel/Renewable Diesel			Not Started	Not started		
350ead02-3dee-8193-b0b8-feaf4c997d61	Co-Products Production Aggregate - United States - Balance	Ethanol Co-Products			Not Started	Not started	Aggregate	
350ead02-3dee-816d-b983-eec21f1fe4c3	Corn Gluten Feed - United States - Balance	Ethanol Co-Products			Not Started	Not started		
350ead02-3dee-816e-8a9c-dbb3001dfc8d	Corn Gluten Meal - United States - Balance	Ethanol Co-Products			Not Started	Not started		
350ead02-3dee-8186-bd2f-f8627a66a503	DDG/DDGS - United States - Balance	Ethanol Co-Products			Not Started	Not started		
350ead02-3dee-8175-bdd9-fd7731b68f3e	Ethanol - Brazil - Balance	Ethanol			Not Started	Not started	Linked to sugar and corn; Mato Grosso/north	
350ead02-3dee-81cc-b80b-c157bc3f997f	Ethanol - World - Balance	Ethanol			Not Started	Not started	Sourced from EIA World Ethanol	
350ead02-3dee-8160-9570-feea81003052	Ethanol - United States - Balance	Ethanol			Not Started	Not started		
350ead02-3dee-8199-8837-fae6f3d1cfac	Sugar - Thailand - Balance	Sugar			Not Started	Not started	Tier 2	
350ead02-3dee-81f5-a81b-e7e26fc8832b	Sugar - EU - Balance	Sugar			Not Started	Not started	Tier 2	
350ead02-3dee-81c9-897d-c276afdddb39	Sugar - United States - Balance	Sugar			Not Started	Not started	Tier 2	
350ead02-3dee-81f0-921c-ef9924eb6bc2	Sugar - India - Balance	Sugar			Not Started	Not started	Tier 1	
350ead02-3dee-8137-8141-c0f0362bf3d3	Sugar - Brazil - Balance	Sugar			Not Started	Not started	Tier 1	
350ead02-3dee-81cc-8a07-d0e728625b61	Sugar - World - Balance	Sugar			Not Started	Not started	Tier 1	
350ead02-3dee-8102-86d2-e85420cc6088	Rice - Brazil - Balance	Rice			Not Started	Not started	Tier 3	
350ead02-3dee-8148-a931-c1caf0505a22	Rice - Pakistan - Balance	Rice			Not Started	Not started	Tier 2	
350ead02-3dee-8109-8f03-ee96d157054b	Rice - Indonesia - Balance	Rice			Not Started	Not started	Tier 2	
350ead02-3dee-8173-b836-da16bcaab73c	Rice - Vietnam - Balance	Rice			Not Started	Not started	Tier 1	
350ead02-3dee-81d9-a1cf-f5ad8202e1d3	Rice - Thailand - Balance	Rice			Not Started	Not started	Tier 1	
350ead02-3dee-81da-a934-c1cbbc52bd50	Rice - United States - Balance	Rice			Not Started	Not started	Tier 2	
350ead02-3dee-81f4-a3ca-f0280c014a1d	Rice - China - Balance	Rice			Not Started	Not started	Tier 1	
350ead02-3dee-8114-8e05-e30affb200ee	Rice - India - Balance	Rice			Not Started	Not started	Tier 1	
350ead02-3dee-81f4-ba1d-fb3a7515075d	Rice - World - Balance	Rice			Not Started	Not started	Tier 1	
350ead02-3dee-819b-b2a1-c7222a67544f	Wheat - Pakistan - Balance	Wheat			Not Started	Not started	Tier 3	
350ead02-3dee-8186-82da-c2229a5782b0	Wheat - Mexico - Imports	Wheat			Not Started	Not started	Tier 3	
350ead02-3dee-81fe-9622-f914eb2dac7e	Wheat - Brazil - Imports	Wheat			Not Started	Not started	Tier 2	
350ead02-3dee-8177-8a80-fe810509ed6a	Wheat - Egypt - Imports	Wheat			Not Started	Not started	Tier 2	
350ead02-3dee-8118-930b-daa62f647fde	Wheat - Kazakhstan - Trade	Wheat			Not Started	Not started	Tier 2	
350ead02-3dee-81b9-9269-ebfceb2b37d0	Wheat - Kazakhstan - Balance	Wheat			Not Started	Not started	Tier 2	
350ead02-3dee-81fe-a209-ca1961c82595	Wheat - India - Balance	Wheat			Not Started	Not started	Tier 1	
350ead02-3dee-8186-860c-e104fb8ca9bf	Wheat - China - Trade	Wheat			Not Started	Not started	Tier 1	
350ead02-3dee-81aa-8ac9-fe6296584ae2	Wheat - China - Balance	Wheat			Not Started	Not started	Tier 1	
350ead02-3dee-81ab-884b-eb2175e251cb	Wheat - Ukraine - Trade	Wheat			Not Started	Not started	Tier 1	
350ead02-3dee-8155-9995-f2f129b40369	Wheat - Ukraine - Balance	Wheat			Not Started	Not started	Tier 1	
350ead02-3dee-81c3-a8e3-e40c4216273e	Wheat - Argentina - Trade	Wheat				Not started	Tier 1	
350ead02-3dee-810f-ad14-cc10870e8508	Wheat - Argentina - Balance	Wheat				Not started	Tier 1	
350ead02-3dee-81bc-a287-e90cc53300fd	Wheat - Australia - Trade	Wheat				Not started	Tier 1	
350ead02-3dee-8180-b4be-f011266ddfb4	Wheat - Australia - Balance	Wheat				Not started	Tier 1	
350ead02-3dee-813f-a68e-c10a0220628e	Wheat - Canada - Trade	Wheat				Not started	Tier 1	
350ead02-3dee-81cf-a5af-e2d5bde231af	Wheat - Canada - Balance	Wheat				Not started	Tier 1	
350ead02-3dee-81fd-8430-fa4d8bf576ff	Wheat - EU - Trade	Wheat				Not started	Tier 1	
350ead02-3dee-8198-a7cf-e7c7358e9125	Wheat - EU - Balance	Wheat				Not started	Tier 1	
350ead02-3dee-8169-9151-d833186d37c3	Wheat - Russia - Trade	Wheat				Not started	Tier 1	
350ead02-3dee-81fd-adc7-d1bb9da7443b	Wheat - Russia - Balance	Wheat				Not started	Tier 1	
350ead02-3dee-816b-a1fd-dfff4c699115	Wheat Durum - United States - Balance	Wheat				Not started	Tier 2; by class	
350ead02-3dee-817e-98ff-e435d856d48f	Wheat SRW - United States - Balance	Wheat				Not started	Tier 1; by class	
350ead02-3dee-8134-8368-cb2115588739	Wheat HRS - United States - Balance	Wheat				Not started	Tier 1; by class	
350ead02-3dee-8128-abcd-f04afde6388f	Wheat HRW - United States - Balance	Wheat				Not started	Tier 1; by class	
350ead02-3dee-81c5-a706-ff4ffd98199e	Wheat All - United States - Trade	Wheat				Not started	Tier 1	
350ead02-3dee-81d6-91b1-e831a41e54e9	Wheat All - United States - Balance	Wheat				Not started	Tier 1	
350ead02-3dee-81b9-bbe3-f94e9d8987b0	Wheat - World - Balance	Wheat				Not started	Tier 1	
350ead02-3dee-81b6-bff4-c9c72e590fa7	United States - Feed & Residual Model	US Feed Grain Aggregates				Not started	Model	
350ead02-3dee-81d8-978d-ded85d525256	United States - GCAU (Grain Consuming Animal Units)	US Feed Grain Aggregates				Not started	Aggregate	
350ead02-3dee-8159-9ea3-e3c4b5025c13	United States - Feed Grain Composite (FGComp)	US Feed Grain Aggregates				Not started	Aggregate	
350ead02-3dee-819b-ab8b-d0ad9314daa1	Oats - China - Balance	Oats				Not started	Tier 3	
350ead02-3dee-81dc-a928-db60d72af49d	Oats - Ukraine - Balance	Oats				Not started	Tier 3	
350ead02-3dee-8165-9f51-f2f026ba4511	Oats - Russia - Balance	Oats				Not started	Tier 2	
350ead02-3dee-81e2-8b17-f2cecc6ef5a9	Oats - United States - Balance	Oats				Not started	Tier 2	
350ead02-3dee-814e-b374-ce390aa46dd9	Oats - Australia - Trade	Oats				Not started	Tier 2	
350ead02-3dee-8134-95c0-f680c1c0a38d	Oats - Australia - Balance	Oats				Not started	Tier 2	
350ead02-3dee-81ad-a4c2-f8f66230c48f	Oats - Canada - Trade	Oats				Not started	Tier 1	
350ead02-3dee-819a-a9f4-ee1cd4c32619	Oats - Canada - Balance	Oats				Not started	Tier 1	
350ead02-3dee-816a-8148-e4aa7a7d4967	Oats - EU - Trade	Oats				Not started	Tier 1	
350ead02-3dee-8186-9983-ffac8ab62109	Oats - EU - Balance	Oats				Not started	Tier 1	
350ead02-3dee-811c-b25f-e324ff1c672a	Oats - World - Balance	Oats				Not started	Tier 1	
350ead02-3dee-814a-81f2-e41a0423ce7c	Barley - Japan - Trade	Barley				Not started	Tier 3	
350ead02-3dee-81ea-a522-d8e873146d4f	Barley - Japan - Imports	Barley				Not started	Tier 3	
350ead02-3dee-8116-9014-d24a56aefb79	Barley - China - Trade	Barley				Not started	Tier 3	
350ead02-3dee-815a-989e-fdac46454e45	Barley - China - Balance	Barley				Not started	Tier 3	
350ead02-3dee-81e2-b3ef-f5b2ccf7c8ad	Barley - Saudi Arabia - Trade	Barley				Not started	Tier 2	
350ead02-3dee-814e-b13b-f092aa5ea112	Barley - Saudi Arabia - Imports	Barley				Not started	Tier 2	
350ead02-3dee-8111-9e08-fdc59b3e05e5	Barley - Argentina - Trade	Barley				Not started	Tier 2	
350ead02-3dee-81d8-bca5-ff1982350ff4	Barley - Argentina - Balance	Barley				Not started	Tier 2	
350ead02-3dee-8100-b2e5-dfb2f93e39b5	Barley - Kazakhstan - Trade	Barley				Not started	Tier 2	
350ead02-3dee-812a-bec6-ce26467195af	Barley - Kazakhstan - Balance	Barley				Not started	Tier 2	
350ead02-3dee-81fc-b284-ec10d5d08e6e	Barley - United States - Balance	Barley			Not Started	Not started	Tier 2	
350ead02-3dee-81dc-b5f9-fd3e1cb529a4	Barley - Ukraine - Trade	Barley				Not started	Tier 2	
350ead02-3dee-811a-899d-c634d9ad7158	Barley - Canada - Trade	Barley				Not started	Tier 1	
350ead02-3dee-8193-9cb1-d93213e7991b	Barley - Ukraine - Balance	Barley				Not started	Tier 2	
350ead02-3dee-8174-b96d-fb72fc8bcbc6	Barley - Canada - Balance	Barley				Not started	Tier 1	
350ead02-3dee-81ec-bfaa-c876d0b81559	Barley - Australia - Trade	Barley				Not started	Tier 1	
350ead02-3dee-81c0-831e-e797ae50630d	Barley - Australia - Balance	Barley				Not started	Tier 1	
350ead02-3dee-81c4-afc0-cb0eaaa78fdb	Barley - Russia - Trade	Barley				Not started	Tier 1	
350ead02-3dee-81d5-a708-d1aac28f5704	Barley - Russia - Balance	Barley				Not started	Tier 1	
350ead02-3dee-81f8-b0da-cb69a352c1ca	Barley - EU - Trade	Barley				Not started	Tier 1	
350ead02-3dee-81e5-a5ca-f9997d1fbb71	Barley - EU - Balance	Barley				Not started	Tier 1	
350ead02-3dee-81e8-acf5-f312acc837d1	Barley - World - Balance	Barley				Not started	Tier 1	
350ead02-3dee-8155-a31e-cc6dbe314c4d	Sorghum - Taiwan - Trade	Sorghum				Not started	Tier 3	
350ead02-3dee-812f-8f9e-e5c5649aa479	Sorghum - Taiwan - Imports	Sorghum				Not started	Tier 3	
350ead02-3dee-81f6-8ec9-d86b4297a9ab	Sorghum - Japan - Trade	Sorghum				Not started	Tier 3	
350ead02-3dee-81e1-978c-e7cabc980b07	Sorghum - Japan - Imports	Sorghum				Not started	Tier 3	
350ead02-3dee-8147-b92c-cb58c3f3886e	Sorghum - EU - Trade	Sorghum				Not started	Tier 3	
350ead02-3dee-819b-a7f8-e979bcee0323	Sorghum - EU - Balance	Sorghum				Not started	Tier 3	
350ead02-3dee-8156-9f4c-d9d9ea149118	Sorghum - Brazil - Trade	Sorghum				Not started	Tier 3	
350ead02-3dee-8172-9cc3-f7e1f45fd5c4	Sorghum - Brazil - Balance	Sorghum				Not started	Tier 3	
350ead02-3dee-815c-a190-c30f47bba614	Sorghum - Mexico - Trade	Sorghum				Not started	Tier 2	
350ead02-3dee-816e-b013-e26cdcb85d6a	Sorghum - Mexico - Balance	Sorghum				Not started	Tier 2	
350ead02-3dee-816e-bbd8-f4b7b5ff0f63	Sorghum - India - Trade	Sorghum				Not started	Tier 2	
350ead02-3dee-81ed-a337-fde689b5fb21	Sorghum - India - Balance	Sorghum				Not started	Tier 2	
350ead02-3dee-81fb-a94f-fa5d1d65702c	Sorghum - Australia - Trade	Sorghum				Not started	Tier 2	
350ead02-3dee-8154-a50c-e840b9be292e	Sorghum - Australia - Balance	Sorghum				Not started	Tier 2	
350ead02-3dee-8185-8d40-e48e8ac68ae0	Sorghum - Argentina - Trade	Sorghum				Not started	Tier 2	
350ead02-3dee-815c-b7fb-f508f47582ed	Sorghum - Argentina - Balance	Sorghum				Not started	Tier 2	
350ead02-3dee-811b-a4db-f945054102ba	Sorghum - China - Trade	Sorghum				Not started	Tier 1	
350ead02-3dee-811c-884a-ebcb6642b709	Sorghum - China - Imports	Sorghum				Not started	Tier 1	
350ead02-3dee-8178-9f61-f70e1bdd3abd	Sorghum - United States - Balance	Sorghum			Not Started	Not started	Tier 1	
350ead02-3dee-8162-afa8-fd2c8c004541	Sorghum - World - Balance	Sorghum				Not started	Tier 1	
350ead02-3dee-81ac-840f-e0e2be62c18a	Corn - Croatia - Trade	Corn				Not started	Tier 3	
350ead02-3dee-81dc-bdcf-c6b334f1ffcc	Corn - Croatia - Balance	Corn				Not started	Tier 3	
350ead02-3dee-8171-adcb-fd6cb0843656	Corn - Serbia - Trade	Corn				Not started	Tier 3	
350ead02-3dee-81c3-ad13-fdbde31a927d	Corn - Serbia - Balance	Corn				Not started	Tier 3	
350ead02-3dee-81a7-a4fe-fff6f2e6ffa6	Corn - Paraguay - Trade	Corn				Not started	Tier 3	
350ead02-3dee-81c0-9b4b-fbd16ed1779a	Corn - Paraguay - Balance	Corn				Not started	Tier 3	
350ead02-3dee-81c7-856f-cd56d993411d	Corn - Egypt - Trade	Corn				Not started	Tier 3	
350ead02-3dee-81bc-9def-ec87fff0f28d	Corn - Egypt - Imports	Corn				Not started	Tier 3	
350ead02-3dee-8199-8602-cc27c5849393	Corn - Philippines - Trade	Corn				Not started	Tier 3	
350ead02-3dee-8173-87d0-e89c548aa4b2	Corn - Philippines - Imports	Corn				Not started	Tier 3	
350ead02-3dee-81d5-9784-d511fbedcf8b	Corn - Malaysia - Trade	Corn				Not started	Tier 3	
350ead02-3dee-8158-a264-cc5d2c58a122	Corn - Malaysia - Imports	Corn				Not started	Tier 3	
350ead02-3dee-814e-98b6-f4431822e238	Corn - Taiwan - Trade	Corn				Not started	Tier 3	
350ead02-3dee-816e-aed2-ea9700129843	Corn - Taiwan - Imports	Corn				Not started	Tier 3	
350ead02-3dee-8109-8855-c364fef7a80d	Corn - South Korea - Trade	Corn				Not started	Tier 3	
350ead02-3dee-8193-87a3-f4897e5cbfa1	Corn - South Korea - Imports	Corn				Not started	Tier 3	
350ead02-3dee-8162-a40d-e2a83eeb8e8b	Corn - Japan - Trade	Corn				Not started	Tier 3	
350ead02-3dee-81ab-97c7-faf56985d633	Corn - Japan - Imports	Corn				Not started	Tier 3	
350ead02-3dee-819e-bf33-cf3a477a9821	Corn - Thailand - Trade	Corn				Not started	Tier 3	
350ead02-3dee-81f4-b622-d714440f1669	Corn - Thailand - Balance	Corn				Not started	Tier 3	
350ead02-3dee-8116-b3a4-cd7c100043e1	Corn - Indonesia - Trade	Corn				Not started	Tier 2	
350ead02-3dee-81d7-843e-df2ca340774e	Corn - Indonesia - Balance	Corn				Not started	Tier 2	
350ead02-3dee-81bd-b136-edb0d805f476	Corn - Canada - Trade	Corn				Not started	Tier 2	
350ead02-3dee-81cd-b0ea-d2f5421c180c	Corn - Canada - Balance	Corn				Not started	Tier 2	
350ead02-3dee-81d1-b5f3-fc8d9184074d	Corn - Russia - Trade	Corn				Not started	Tier 2	
350ead02-3dee-818a-94b5-c8e058bce966	Corn - Russia - Balance	Corn				Not started	Tier 2	
350ead02-3dee-8198-bf3d-dd609e202653	Corn - South Africa - Trade	Corn				Not started	Tier 2	
350ead02-3dee-817d-ac40-f493e5d3bb85	Corn - South Africa - Balance	Corn				Not started	Tier 2	
350ead02-3dee-81fb-b64d-fb7b166d7d87	Corn - Mexico - Trade	Corn				Not started	Tier 2	
350ead02-3dee-81e4-8439-e89946a654f6	Corn - Mexico - Balance	Corn				Not started	Tier 2	
350ead02-3dee-8119-8cd8-d236d0151840	Corn - India - Trade	Corn				Not started	Tier 2	
350ead02-3dee-8130-8fad-e9a3a7cc04e6	Corn - India - Balance	Corn				Not started	Tier 2	
350ead02-3dee-810c-a1fe-e7ea48dab3c8	Corn - Ukraine - Trade	Corn				Not started	Tier 1	
350ead02-3dee-8167-b85b-ffacc4d8b36e	Corn - Ukraine - Balance	Corn				Not started	Tier 1	
350ead02-3dee-81b1-8d6a-dbd34dae0dce	Corn - Argentina - Trade	Corn				Not started	Tier 1	
350ead02-3dee-8182-b6b7-ea314b7dd6b8	Corn - Argentina - Balance	Corn				Not started	Tier 1	
350ead02-3dee-81d1-86c1-ec4ddef80a2a	Corn - EU - Trade	Corn				Not started	Tier 1	
350ead02-3dee-813e-8e22-f3517162d8c9	Corn - EU - Balance	Corn				Not started	Tier 1	
350ead02-3dee-8189-9326-ecb109b1cea7	Corn - Brazil - Trade	Corn				Not started	Tier 1	
350ead02-3dee-8106-870f-eb7ef7a0b94c	Corn - Brazil - Balance	Corn				Not started	Tier 1	
350ead02-3dee-8114-a89f-e2c374c35c27	Corn - China - Trade	Corn				Not started	Tier 1	
350ead02-3dee-8147-bc6d-c426e3726f96	Corn - China - Balance	Corn				Not started	Tier 1	
350ead02-3dee-8169-a06f-c82a9c5a0927	Corn - United States - Trade	Corn			Not Started	Not started	Tier 1	
350ead02-3dee-81b4-9c6e-faf54f18434c	Corn - United States - Balance	Corn			Not Started	Not started	Tier 1	
350ead02-3dee-8169-ba5a-c9fcaf771a8c	Corn - World - Balance	Corn				Not started	Tier 1	
350ead02-3dee-8104-af56-fc6626eed2bc	United States - Fats and Greases Aggregate (CY)	US Feedstock Aggregates			Not Started	Not started	Calendar year aggregate	
350ead02-3dee-8158-9c73-db719c707d5b	United States - Vegetable Oils Aggregate (CY)	US Feedstock Aggregates			Not Started	Not started	Calendar year aggregate	
350ead02-3dee-81c3-9eab-cdd7ffb61eb1	United States - Total Feedstocks (CY)	US Feedstock Aggregates			Not Started	Not started	Calendar year aggregate	
350ead02-3dee-8107-8eab-db5a3dc85bf6	Poultry Byproduct Meal - United States - Trade	US Fats & Greases			Template	Not started		
350ead02-3dee-81e7-be8a-df3d94801609	Poultry Byproduct Meal - United States - Balance	US Fats & Greases			Template	Not started		
350ead02-3dee-81c1-b594-d2d0a1d1eadd	Feather Meal - United States - Trade	US Fats & Greases			Template	Not started		
350ead02-3dee-8163-9b46-f862ef98c0ae	Feather Meal - United States - Balance	US Fats & Greases			Template	Not started		
350ead02-3dee-818a-8eb9-e3130548847d	Meat & Bone Meal - United States - Trade	US Fats & Greases			Template	Not started		
350ead02-3dee-81ce-95e7-f159a7f35b79	Meat & Bone Meal - United States - Balance	US Fats & Greases			Template	Not started		
350ead02-3dee-8190-99cc-e3e3e05fe0fa	Distillers Corn Oil (DCO) - United States - Trade	US Fats & Greases			Template	Not started		
350ead02-3dee-81c0-899e-e395086c5ad2	Distillers Corn Oil (DCO) - United States - Balance	US Fats & Greases			Template	Not started		
350ead02-3dee-817b-acfe-e98ed5a33b1c	Poultry Fat - United States - Trade	US Fats & Greases			Linked	Not started		
350ead02-3dee-81af-8ff4-d02bf71c24dc	Poultry Fat - United States - Balance	US Fats & Greases			Linked	Not started		
350ead02-3dee-815b-9803-d92bf837b7fe	Lard - United States - Trade	US Fats & Greases			Template	Not started		
350ead02-3dee-819c-bb47-d57ed9e7d0e4	Lard - United States - Balance	US Fats & Greases			Linked	Not started		
350ead02-3dee-816c-a821-f86b1e68c767	Other Grease - United States - Trade	US Fats & Greases			Template	Not started		
350ead02-3dee-81e0-9ae4-e056f7e703d5	Other Grease - United States - Balance	US Fats & Greases			Template	Not started		
350ead02-3dee-81ad-bc9b-d0ab0a55864a	Choice White Grease (CWG) - United States - Trade	US Fats & Greases			Template	Not started		
350ead02-3dee-81c7-a631-fa79422c82c0	Choice White Grease (CWG) - United States - Balance	US Fats & Greases			Template	Not started		
350ead02-3dee-81a3-a91d-f69344fa0a65	Yellow Grease - United States - Trade	US Fats & Greases			Template	Not started		
350ead02-3dee-8174-8444-df3cb697fb05	Yellow Grease - United States - Balance	US Fats & Greases			Template	Not started		
350ead02-3dee-814b-b345-eab481095741	UCO - Malaysia - Trade	Used Cooking Oil (UCO)				Not started	Tier 3	
350ead02-3dee-81df-b054-e3c81e034e1f	UCO - Australia - Trade	Used Cooking Oil (UCO)				Not started	Tier 3	
350ead02-3dee-819b-8c29-e8380579f62c	UCO - New Zealand - Trade	Used Cooking Oil (UCO)				Not started	Tier 3	
350ead02-3dee-81cb-abde-d978c5865358	UCO - New Zealand - Balance	Used Cooking Oil (UCO)				Not started	Tier 3	
350ead02-3dee-81f4-addc-c4978bfb6332	UCO - Mexico - Trade	Used Cooking Oil (UCO)				Not started	Tier 3	
350ead02-3dee-8100-83fa-dc2991eccb7d	UCO - Mexico - Balance	Used Cooking Oil (UCO)				Not started	Tier 3	
350ead02-3dee-81d1-ba77-d9f9451a46c0	UCO - Canada - Trade	Used Cooking Oil (UCO)				Not started	Tier 2	
350ead02-3dee-8173-a79f-d3cf706e09e2	UCO - Canada - Balance	Used Cooking Oil (UCO)				Not started	Tier 2	
350ead02-3dee-81a1-977b-e88ffc0033a1	UCO - Japan - Trade	Used Cooking Oil (UCO)				Not started	Tier 2	
350ead02-3dee-81de-974a-de341e014c9f	UCO - Japan - Balance	Used Cooking Oil (UCO)				Not started	Tier 2	
350ead02-3dee-8163-98dd-d02abd8d68a6	UCO - India - Trade	Used Cooking Oil (UCO)				Not started	Tier 2	
350ead02-3dee-81d0-8a32-f1f2fa4ee6a2	UCO - India - Balance	Used Cooking Oil (UCO)				Not started	Tier 2	
350ead02-3dee-818e-95da-e33ad3b4b226	UCO - Indonesia - Trade	Used Cooking Oil (UCO)				Not started	Tier 2	
350ead02-3dee-81de-aa0b-efa7c1127f9d	UCO - Indonesia - Balance	Used Cooking Oil (UCO)				Not started	Tier 2	
350ead02-3dee-81d4-9ada-ee323177fe7c	UCO - EU-28 - Trade	Used Cooking Oil (UCO)				Not started	Tier 1	
350ead02-3dee-81c2-b4e4-f52500c5de07	UCO - EU-28 - Balance	Used Cooking Oil (UCO)				Not started	Tier 1	
350ead02-3dee-8176-aa72-ffb682d989a4	UCO - China - Trade	Used Cooking Oil (UCO)				Not started	Tier 1	
350ead02-3dee-81be-b882-ca837afdff0e	UCO - China - Balance	Used Cooking Oil (UCO)				Not started	Tier 1	
350ead02-3dee-813b-bf27-d32992b1dc09	Tallow - China - Balance	Tallow				Not started	Tier 3	
350ead02-3dee-814f-be54-f94fa728dc57	Tallow - Mexico - Balance	Tallow				Not started	Tier 3	
350ead02-3dee-81dc-aff3-cb0cc13213f2	Tallow - Uruguay - Trade	Tallow				Not started	Tier 3	
350ead02-3dee-8126-b4fb-fa70d8295d9a	Tallow - Uruguay - Balance	Tallow				Not started	Tier 3	
350ead02-3dee-81d6-b358-f620d327b418	Tallow - Paraguay - Trade	Tallow				Not started	Tier 3	
350ead02-3dee-8130-8f52-c093c842e061	Tallow - Paraguay - Balance	Tallow				Not started	Tier 3	
350ead02-3dee-8155-92a8-ccd354456edc	Tallow - EU-28 - Balance	Tallow				Not started	Tier 2	
350ead02-3dee-8167-bac4-ebeb8fd00e14	Tallow - New Zealand - Trade	Tallow				Not started	Tier 2	
350ead02-3dee-8156-a27b-cc2270a4b674	Tallow - New Zealand - Balance	Tallow				Not started	Tier 2	
350ead02-3dee-815f-9dc7-d619e4a93647	Tallow - Brazil - Trade	Tallow				Not started	Tier 2	
350ead02-3dee-81c8-95e5-ca56f2ccfef2	Tallow - Brazil - Balance	Tallow				Not started	Tier 2	
350ead02-3dee-81cd-9cbc-d2e6ab216f13	Tallow - Australia - Trade	Tallow				Not started	Tier 1	
350ead02-3dee-8195-a909-d35dc3de930b	Tallow - Australia - Balance	Tallow				Not started	Tier 1	
350ead02-3dee-812c-8c67-c4e75f86f99c	Tallow - Canada - Trade	Tallow				Not started	Tier 1	
350ead02-3dee-81bf-a275-e6f49ff1ff08	Tallow - Canada - Balance	Tallow				Not started	Tier 1	
350ead02-3dee-8108-9703-de2045d89930	Tallow Inedible - United States - Trade	Tallow			Template	Not started	Tier 1	
350ead02-3dee-8186-b0be-c471116cf80e	Tallow Inedible - United States - Balance	Tallow			Template	Not started	Tier 1	
350ead02-3dee-81fd-8af0-dc27f82109ab	Tallow Edible - United States - Trade	Tallow			Template	Not started	Tier 1	
350ead02-3dee-8198-9c64-d997a2bf7bd0	Tallow Edible - United States - Balance	Tallow			Template	Not started	Tier 1	
350ead02-3dee-81fa-adca-c43b47f7cef2	United States - Fat Domestic Use	US Aggregate Oilseed Balances			Not Started	Not started	Aggregate balance sheet	
350ead02-3dee-81db-aaa7-f470f0988626	United States - Lauric Domestic Use	US Aggregate Oilseed Balances			Not Started	Not started	Aggregate balance sheet	
350ead02-3dee-819d-a3ba-c28ec121d8e7	United States - Vegoil Domestic Use	US Aggregate Oilseed Balances			Not Started	Not started	Aggregate balance sheet	
350ead02-3dee-81bb-ad9d-e86f305efc66	United States - Edible Fats & Oil Balance	US Aggregate Oilseed Balances			Not Started	Not started	Aggregate balance sheet	
350ead02-3dee-8132-bed2-e825992be0b4	United States - PCAU (Protein Consuming Animal Unit)	US Aggregate Oilseed Balances			Not Started	Not started	Aggregate balance sheet	
350ead02-3dee-813a-a191-eb0cdf891d6c	United States - Total Protein Meal	US Aggregate Oilseed Balances			Template	Not started	Aggregate balance sheet	
350ead02-3dee-81a3-8282-e4a963054569	United States - Total Vegetable Oil	US Aggregate Oilseed Balances			Linked	Not started	Aggregate balance sheet	
350ead02-3dee-8177-8885-d2859f631026	Corn Oil - United States - Balance	Minor Oilseeds (US)			Linked	Not started		
350ead02-3dee-81c3-819e-dcf7490917b9	Safflower - United States - Balance	Minor Oilseeds (US)			Linked	Not started		
350ead02-3dee-818e-bc24-ee11a52bf234	Flaxseed - United States - Trade	Minor Oilseeds (US)			Linked	Not started		
350ead02-3dee-81c5-afdc-d4c774fc5c54	Flaxseed - United States - Balance	Minor Oilseeds (US)			Linked	Not started		
350ead02-3dee-8136-9f51-fa30c36899de	Peanut - United States - Trade	Peanut Complex			Linked	Not started	Tier 2	
350ead02-3dee-81ed-99ee-e2f7cbf2f0a8	Peanut - United States - Balance	Peanut Complex			Linked	Not started	Tier 2	
350ead02-3dee-81db-a2a6-d15b29a3ed38	Peanut - India - Balance	Peanut Complex				Not started	Tier 1	
350ead02-3dee-81fe-a378-c779a9844c7d	Peanut - China - Trade	Peanut Complex				Not started	Tier 1	
350ead02-3dee-8100-bd5a-f26a78de8df3	Peanut - China - Balance	Peanut Complex				Not started	Tier 1	
350ead02-3dee-81a2-b122-eeca2ecc551b	Peanut - Argentina - Trade	Peanut Complex				Not started	Tier 1	
350ead02-3dee-81ec-ae31-c3d31f384c97	Peanut - Argentina - Balance	Peanut Complex				Not started	Tier 1	
350ead02-3dee-81a6-9413-f970af59b4a8	Cottonseed - China - Trade	Cottonseed Complex				Not started	Tier 2	
350ead02-3dee-81f4-8eef-ca16a7ba030a	Cottonseed - China - Balance	Cottonseed Complex				Not started	Tier 2	
350ead02-3dee-818e-8724-d2bc27b7e468	Cottonseed - United States - Trade	Cottonseed Complex			Linked	Not started	Tier 1	
350ead02-3dee-81f4-a753-ecedaaadb092	Cottonseed - United States - Balance	Cottonseed Complex			Linked	Not started	Tier 1	
350ead02-3dee-8100-adda-c6c479e9db47	Palm/PKO/Coconut Oil - United States - Trade	Palm/Lauric Complex			Template	Not started	Tier 2	
350ead02-3dee-8121-8dbb-c7ddf7942596	Coconut Oil - United States - Imports	Palm/Lauric Complex			Template	Not started	Tier 2; imports tracking	
350ead02-3dee-8161-955c-c881537cd270	Palm Kernel Oil - United States - Imports	Palm/Lauric Complex			Template	Not started	Tier 2; imports tracking	
350ead02-3dee-81db-adde-eb3f8e7644cd	Palm Oil - United States - Imports	Palm/Lauric Complex			Linked	Not started	Tier 2; imports tracking	
350ead02-3dee-81b3-89f0-fe5920fb7576	Palm/Lauric - Philippines - Trade	Palm/Lauric Complex				Not started	Tier 2	
350ead02-3dee-81a7-af21-f07a572722f7	Palm/Lauric - Philippines - Balance	Palm/Lauric Complex				Not started	Tier 2	
350ead02-3dee-810d-9b15-fa7d89379594	Palm/Lauric - Malaysia - Trade	Palm/Lauric Complex				Not started	Tier 1	
350ead02-3dee-81b2-83f4-d672d615b7d6	Palm/Lauric - Malaysia - Balance	Palm/Lauric Complex				Not started	Tier 1	
350ead02-3dee-8135-9715-d1ac420509b2	Palm/Lauric - Indonesia - Trade	Palm/Lauric Complex				Not started	Tier 1	
350ead02-3dee-8134-b5a4-cec0e0b1d9c7	Palm/Lauric - Indonesia - Balance	Palm/Lauric Complex				Not started	Tier 1	
350ead02-3dee-81e0-b7d9-fac8709140e6	Palm/Lauric - World - Balance	Palm/Lauric Complex				Not started	Tier 1	
350ead02-3dee-81d0-9945-f70d0cd3e5de	Sunflower - Mexico - Trade	Sunflower Complex				Not started	Tier 3	
350ead02-3dee-81e2-9c5e-e150c7953f4e	Sunflower - Mexico - Balance	Sunflower Complex				Not started	Tier 3	
350ead02-3dee-81bf-b4d0-d50aa79a8161	Sunflower - Canada - Trade	Sunflower Complex				Not started	Tier 3	
350ead02-3dee-81e0-bcbc-cdcfb14df6d6	Sunflower - Canada - Balance	Sunflower Complex				Not started	Tier 3	
350ead02-3dee-8193-874f-ced319e5e050	Sunflower - United States - Trade	Sunflower Complex			Linked	Not started	Tier 2	
350ead02-3dee-8105-a64c-c62ca383e591	Sunflower - United States - Balance	Sunflower Complex			Linked	Not started	Tier 2	
350ead02-3dee-8171-856a-f81e7a05f291	Sunflower - India - Trade	Sunflower Complex				Not started	Tier 2	
350ead02-3dee-814a-bef4-fa54f46e8797	Sunflower - India - Balance	Sunflower Complex				Not started	Tier 2	
350ead02-3dee-8178-ae15-d848a3fa24bf	Sunflower - China - Trade	Sunflower Complex				Not started	Tier 2	
350ead02-3dee-8115-a5e8-f6f07d8eedd3	Sunflower - China - Balance	Sunflower Complex				Not started	Tier 2	
350ead02-3dee-8151-bd1f-d9ff272ca9f8	Sunflower - Turkey - Trade	Sunflower Complex				Not started	Tier 2	
350ead02-3dee-818f-a1b0-e3e1b92b4278	Sunflower - Turkey - Balance	Sunflower Complex				Not started	Tier 2	
350ead02-3dee-81e7-9f48-d746e4025a5e	Sunflower - EU - Trade	Sunflower Complex				Not started	Tier 1	
350ead02-3dee-8149-9d72-d76182293d77	Sunflower - EU - Balance	Sunflower Complex				Not started	Tier 1	
350ead02-3dee-8152-8368-ebe25f22dddf	Sunflower - Argentina - Trade	Sunflower Complex				Not started	Tier 1	
350ead02-3dee-810b-bad3-d02c3178ab64	Sunflower - Argentina - Balance	Sunflower Complex				Not started	Tier 1	
350ead02-3dee-819c-8fc2-dcbfec343a3d	Sunflower - Russia - Trade	Sunflower Complex				Not started	Tier 1	
350ead02-3dee-818e-95d0-fdb3761ad24d	Sunflower - Russia - Balance	Sunflower Complex				Not started	Tier 1	
350ead02-3dee-813d-acad-ef00a556a5b5	Sunflower - Ukraine - Trade	Sunflower Complex				Not started	Tier 1	
350ead02-3dee-81eb-9414-cc80298ca8ff	Sunflower - Ukraine - Balance	Sunflower Complex				Not started	Tier 1	
350ead02-3dee-8126-9d14-d63a1480a43d	Sunflower - World - Balance	Sunflower Complex				Not started	Tier 1	
350ead02-3dee-8100-a673-cb9906e64a50	Rapeseed/Canola - Mexico - Trade	Rapeseed/Canola Complex				Not started	Tier 3	
350ead02-3dee-81fd-b92f-d6f090a439bd	Rapeseed/Canola - Mexico - Balance	Rapeseed/Canola Complex				Not started	Tier 3	
350ead02-3dee-8161-8391-f3e9c5ee887e	Rapeseed/Canola - United States - Trade	Rapeseed/Canola Complex			Linked	Not started	Tier 2	
350ead02-3dee-81de-b083-d0c6e00bab68	Rapeseed/Canola - United States - Balance	Rapeseed/Canola Complex			Linked	Not started	Tier 2	
350ead02-3dee-8106-ad32-e427c3534230	Rapeseed/Canola - Japan - Trade	Rapeseed/Canola Complex				Not started	Tier 2	
350ead02-3dee-81d5-b271-c5c2f6039a6d	Rapeseed/Canola - Japan - Balance	Rapeseed/Canola Complex				Not started	Tier 2	
350ead02-3dee-814d-899a-fc3ed05b3cce	Rapeseed/Canola - Russia - Trade	Rapeseed/Canola Complex				Not started	Tier 2	
350ead02-3dee-819e-bca7-d8614360ca32	Rapeseed/Canola - Russia - Balance	Rapeseed/Canola Complex				Not started	Tier 2	
350ead02-3dee-8197-bb0e-dde8f2f6a404	Rapeseed/Canola - Ukraine - Trade	Rapeseed/Canola Complex				Not started	Tier 2	
350ead02-3dee-81f4-9154-c0eb42675237	Rapeseed/Canola - Ukraine - Balance	Rapeseed/Canola Complex				Not started	Tier 2	
350ead02-3dee-813d-a298-e3d3e236f278	Rapeseed/Canola - India - Trade	Rapeseed/Canola Complex				Not started	Tier 2	
350ead02-3dee-8174-9816-eacf3e27675e	Rapeseed/Canola - India - Balance	Rapeseed/Canola Complex				Not started	Tier 2	
350ead02-3dee-814c-b6b8-dcac625cd7ed	Rapeseed/Canola - Australia - Trade	Rapeseed/Canola Complex				Not started	Tier 2	
350ead02-3dee-81a9-b821-fdae42630ea6	Rapeseed/Canola - Australia - Balance	Rapeseed/Canola Complex				Not started	Tier 2	
350ead02-3dee-81c9-88a2-f6e61d080f65	Rapeseed/Canola - China - Trade	Rapeseed/Canola Complex				Not started	Tier 1	
350ead02-3dee-8194-9a1d-e7e977ca6cea	Rapeseed/Canola - China - Balance	Rapeseed/Canola Complex				Not started	Tier 1	
350ead02-3dee-81fe-a30d-d32c657094cd	Rapeseed/Canola - EU - Trade	Rapeseed/Canola Complex				Not started	Tier 1	
350ead02-3dee-81f7-9b4e-caf3b5da8832	Rapeseed/Canola - EU - Balance	Rapeseed/Canola Complex				Not started	Tier 1	
350ead02-3dee-8143-b63b-ec4667bf6b35	Rapeseed/Canola - Canada - Trade	Rapeseed/Canola Complex				Not started	Tier 1	
350ead02-3dee-81e1-9237-e61c4cf58ba2	Rapeseed/Canola - Canada - Balance	Rapeseed/Canola Complex				Not started	Tier 1	
350ead02-3dee-816c-9230-ff7e0b8ea93d	Rapeseed/Canola - World - Balance	Rapeseed/Canola Complex				Not started	Tier 1	
350ead02-3dee-816d-af2d-dfedc0a9d89c	Soybean - Russia - Trade	Soybean Complex				Not started	Tier 2	
350ead02-3dee-81f2-9876-c12d233fe42d	Soybean - Russia - Balance	Soybean Complex				Not started	Tier 2	
350ead02-3dee-818f-ae5a-f3b424318dfd	Soybean - Ukraine - Trade	Soybean Complex				Not started	Tier 2	
350ead02-3dee-81f9-b72d-fffe6a91fe29	Soybean - Ukraine - Balance	Soybean Complex				Not started	Tier 2	
350ead02-3dee-8124-ab84-d5e29576ac52	Soybean - Mexico - Trade	Soybean Complex				Not started	Tier 2	
350ead02-3dee-8192-9da4-f354e4754a6a	Soybean - Mexico - Balance	Soybean Complex				Not started	Tier 2	
350ead02-3dee-81c5-af57-c7a26605a7a7	Soybean - Japan - Trade	Soybean Complex				Not started	Tier 2	
350ead02-3dee-81e3-b96a-e63815c57fd0	Soybean - Japan - Balance	Soybean Complex				Not started	Tier 2	
350ead02-3dee-8182-abdc-fe7b2fb5ce84	Soybean - Canada - Trade	Soybean Complex				Not started	Tier 2	
350ead02-3dee-8109-8253-de8d89ccf456	Soybean - Canada - Balance	Soybean Complex				Not started	Tier 2	
350ead02-3dee-8112-a8b9-c472b7dea502	Soybean - Uruguay - Trade	Soybean Complex				Not started	Tier 2	
350ead02-3dee-81c5-8da6-db1585471bce	Soybean - Uruguay - Balance	Soybean Complex				Not started	Tier 2	
350ead02-3dee-81fe-ac72-db9d4bf7ba9d	Soybean - Paraguay - Trade	Soybean Complex				Not started	Tier 2	
350ead02-3dee-818b-ad9d-edca0c51898a	Soybean - Paraguay - Balance	Soybean Complex				Not started	Tier 2	
350ead02-3dee-812e-a01a-e355e13a0491	Soybean - India - Trade	Soybean Complex				Not started	Tier 1	
350ead02-3dee-81a3-9c42-e0a3b6e8d677	Soybean - India - Balance	Soybean Complex				Not started	Tier 1	
350ead02-3dee-8125-9545-d5864c371967	Soybean - EU - Trade	Soybean Complex				Not started	Tier 1	
350ead02-3dee-8127-9a97-d08d4d7d1fad	Soybean - EU - Balance	Soybean Complex				Not started	Tier 1	
350ead02-3dee-81f9-950e-e7b7a2e11f7f	Soybean - China - Trade	Soybean Complex				Not started	Tier 1	
350ead02-3dee-813d-8a24-cf328ba5f184	Soybean - China - Balance	Soybean Complex				Not started	Tier 1	
350ead02-3dee-8134-9e79-c45a368df7c8	Soybean - Argentina - Trade	Soybean Complex				Not started	Tier 1	
350ead02-3dee-818a-8728-fb99d882044a	Soybean - Argentina - Balance	Soybean Complex				Not started	Tier 1	
350ead02-3dee-8194-9a0a-ee4c3782bd88	Soybean - Brazil - Trade	Soybean Complex				Not started	Tier 1	
350ead02-3dee-81e1-8b9f-e456ffbbefee	Soybean - Brazil - Balance	Soybean Complex				Not started	Tier 1	
350ead02-3dee-81ce-9161-c4bc2a4d20b6	Soybean - United States - Trade	Soybean Complex				Not started	Tier 1	
350ead02-3dee-8179-b5ec-f6a61bf5a218	Soybean - United States - Balance	Soybean Complex				Not started	Tier 1	
350ead02-3dee-8162-8ea9-de88a66e39b3	Soybean - World - Balance	Soybean Complex				Not started	Tier 1	
